HRV_MeanNN,HRV_SDNN,HRV_SDANN1,HRV_SDNNI1,HRV_SDANN2,HRV_SDNNI2,HRV_SDANN5,HRV_SDNNI5,HRV_RMSSD,HRV_SDSD,HRV_CVNN,HRV_CVSD,HRV_MedianNN,HRV_MadNN,HRV_MCVNN,HRV_IQRNN,HRV_SDRMSSD,HRV_Prc20NN,HRV_Prc80NN,HRV_pNN50,HRV_pNN20,HRV_MinNN,HRV_MaxNN,HRV_HTI,HRV_TINN,target,record
1105.398322851153,41.82099302649177,,,,,,,47.59468495627814,48.00560787090115,0.037833414581834104,0.043056592336341896,1102.7777777777778,45.30166666666648,0.0410795969773298,55.55555555555566,0.8786904055549428,1067.7777777777778,1144.4444444444443,26.41509433962264,62.264150943396224,1008.3333333333333,1194.4444444444443,7.571428571428571,78.125,1,114
1073.1818181818182,56.53766225805608,,,,,,,69.24250474047241,69.88496816079885,0.052682277411149246,0.06452075833504417,1080.5555555555554,49.42000000000022,0.04573573264781512,77.7777777777776,0.8165167113749667,1029.9999999999998,1114.4444444444446,30.909090909090907,65.45454545454545,930.5555555555555,1227.7777777777778,9.166666666666666,179.6875,1,114
1091.9753086419753,54.190962853637025,,,,,,,70.30701200856703,70.97538412364429,0.04962654597110909,0.06438516645216427,1090.2777777777776,47.36083333333318,0.043439235668789676,63.19444444444434,0.7707760763184441,1056.111111111111,1128.888888888889,40.74074074074074,70.37037037037037,961.1111111111111,1261.111111111111,9.0,156.25,1,114
1079.732510288066,67.64574044314837,,,,,,,85.09151566246689,85.90476418533824,0.06265046184920459,0.07880795924146528,1081.9444444444443,59.71583333333324,0.055193068035943434,77.77777777777783,0.7949763253892339,1036.1111111111113,1128.888888888889,44.44444444444444,61.111111111111114,933.3333333333334,1227.7777777777778,10.8,164.0625,1,114
1085.2201257861636,229.4050001178945,,,,,,,351.0627350234247,354.41951988254846,0.21139029277742813,0.32349449358866716,1102.7777777777778,57.65666666666636,0.05228312342569241,74.99999999999977,0.6534587047599553,1047.2222222222224,1144.4444444444443,60.37735849056604,79.24528301886792,466.6666666666667,1563.888888888889,10.6,625.0,1,114
1047.3214285714287,63.566300845452716,,,,,,,93.87529039051478,94.6975109100384,0.060694166195146664,0.08963369585454095,1044.4444444444443,49.42000000000022,0.04731702127659596,64.58333333333314,0.6771355974614967,1008.3333333333333,1086.111111111111,39.285714285714285,69.64285714285714,888.8888888888888,1311.111111111111,8.0,148.4375,1,114
1076.440329218107,173.8734837054759,,,,,,,262.8637818491921,265.378754556701,0.16152635588428038,0.2441972626946523,1069.4444444444443,61.77500000000011,0.057763636363636475,80.55555555555543,0.6614585032685449,1029.4444444444446,1138.888888888889,61.111111111111114,74.07407407407408,588.8888888888889,1377.7777777777778,9.0,476.5625,1,114
1097.4842767295595,81.51372414681359,,,,,,,105.99044465881985,107.02430478017098,0.07427325008219693,0.09657582063468402,1091.6666666666665,45.30166666666648,0.04149770992366395,58.333333333333485,0.769066724922269,1041.6666666666667,1129.4444444444443,37.735849056603776,60.37735849056604,897.2222222222223,1280.5555555555554,8.833333333333334,203.125,1,114
1062.323232323232,219.82292960645017,,,,,,,324.1825215372247,327.22574823123716,0.20692659533173502,0.305163731408056,1091.6666666666665,74.12999999999965,0.06790534351145007,91.66666666666652,0.6780838416706827,1018.3333333333333,1151.111111111111,47.27272727272727,74.54545454545455,538.8888888888889,1561.111111111111,13.75,523.4375,1,114
1042.2619047619048,81.13033238025612,,,,,,,85.17411361223334,85.93845452220377,0.07784063872006299,0.08172045166679155,1030.5555555555554,78.24833333333324,0.07592830188679237,110.41666666666663,0.9525233540980881,977.7777777777777,1108.3333333333335,33.92857142857143,64.28571428571429,891.6666666666667,1227.7777777777778,9.333333333333334,85.9375,1,114
933.994708994709,44.34272153167971,,,,,,,50.454673066518836,50.77098568004279,0.04747641619876768,0.05402029859550806,927.7777777777778,41.18333333333341,0.04438922155688631,50.0,0.8788625282185218,903.8888888888889,970.0,17.46031746031746,66.66666666666666,766.6666666666667,1027.7777777777776,9.0,156.25,1,114
968.9814814814813,135.87903142450165,,,,,,,91.02167076619085,91.79193356743907,0.14022871852695826,0.09393540795746406,1001.3888888888889,59.71583333333341,0.05963300970873794,76.38888888888891,1.4928206687563095,951.6666666666666,1048.3333333333333,41.66666666666667,73.33333333333333,475.0,1086.111111111111,12.0,523.4375,1,114
1021.5399610136453,68.60862227539302,,,,,,,76.26703845831975,76.92988607382942,0.06716195635392923,0.07465888890204757,1022.2222222222222,61.77499999999994,0.06043206521739125,80.55555555555554,0.8995841934112587,952.2222222222223,1065.5555555555557,28.07017543859649,70.17543859649122,891.6666666666667,1213.8888888888887,7.125,140.625,1,114
994.774011299435,42.24718442434311,,,,,,,48.1139049563533,48.53005802830818,0.042469127605331426,0.048366668620045634,988.8888888888889,41.18333333333341,0.04164606741573041,55.55555555555543,0.8780660073770314,960.0,1024.4444444444443,25.423728813559322,62.71186440677966,922.2222222222223,1105.5555555555557,8.428571428571429,70.3125,1,114
992.6082862523541,49.614333627398935,,,,,,,59.97396377056751,60.46532930933627,0.0499837995658091,0.06042057536815699,988.8888888888889,53.53833333333329,0.05413988764044939,72.22222222222217,0.8272645412799511,947.2222222222222,1030.0,30.508474576271187,71.1864406779661,902.7777777777778,1136.111111111111,9.833333333333334,85.9375,1,114
968.4426229508198,41.30719250936166,,,,,,,55.569442708767234,56.037691333321476,0.04265321613323844,0.05738021168404234,963.8888888888889,37.065,0.0384536023054755,44.44444444444434,0.7433436524790736,933.3333333333334,1002.7777777777777,29.508196721311474,67.21311475409836,886.1111111111111,1061.111111111111,7.625,93.75,1,114
951.0304659498207,59.92649200631803,,,,,,,80.68264580529625,81.35220985424053,0.06301216853917269,0.08483707798436954,951.3888888888889,55.5975,0.05843824817518248,68.05555555555543,0.7427432678761295,906.6666666666666,997.2222222222223,37.096774193548384,70.96774193548387,786.1111111111111,1105.5555555555557,8.857142857142858,179.6875,1,114
943.1003584229392,35.91174451233487,,,,,,,43.44563002961642,43.79453285214917,0.03807839133089379,0.04606681530931298,941.6666666666667,41.18333333333324,0.04373451327433618,55.55555555555554,0.8265904876475314,911.6666666666666,969.4444444444445,22.58064516129032,51.61290322580645,861.1111111111112,1030.5555555555554,6.2,46.875,1,114
939.6384479717811,41.27114047784098,,,,,,,49.37003583219766,49.75336357277053,0.04392236244368793,0.05254152375178279,927.7777777777778,41.18333333333341,0.04438922155688631,62.5,0.8359552465814736,901.1111111111111,972.2222222222222,30.158730158730158,60.317460317460316,877.7777777777777,1050.0,5.25,23.4375,1,114
935.5379188712523,38.69691071113952,,,,,,,50.77432087869764,51.183052429594326,0.04136327339658047,0.054272862547311826,936.1111111111111,41.18333333333324,0.04399406528189901,54.16666666666663,0.7621354661461324,902.7777777777778,968.3333333333334,25.396825396825395,66.66666666666666,852.7777777777777,1033.3333333333335,7.0,93.75,1,114
912.3504273504274,57.85191301099159,,,,,,,57.58866620532759,58.03099401959113,0.06340975054837243,0.0631212136027292,916.6666666666666,45.30166666666665,0.049419999999999985,63.888888888888914,1.004571156496756,869.4444444444445,950.5555555555555,21.53846153846154,58.46153846153847,783.3333333333334,1066.6666666666667,9.285714285714286,171.875,1,114
881.5091210613599,37.74022767030835,,,,,,,45.4677543471441,45.815209542490514,0.04281320155243332,0.05157944853979474,872.2222222222223,41.18333333333324,0.04721656050955403,58.33333333333337,0.8300438016393671,850.0,916.6666666666666,26.865671641791046,59.70149253731343,811.1111111111111,961.1111111111111,6.7,62.5,1,114
881.592039800995,36.23985022739733,,,,,,,43.4347104753108,43.72953984811881,0.04110727932114483,0.04926849213057263,877.7777777777777,49.41999999999989,0.056301265822784684,59.72222222222217,0.8343522917689719,845.5555555555555,916.6666666666666,23.88059701492537,58.2089552238806,813.8888888888889,950.0,9.571428571428571,93.75,1,114
878.5655058043118,41.97920374518101,,,,,,,51.09399874563482,51.47707456183542,0.047781529627377944,0.058156162981676744,875.0,41.18333333333341,0.04706666666666675,54.16666666666674,0.8216073271964738,841.6666666666666,911.1111111111111,29.850746268656714,59.70149253731343,811.1111111111111,991.6666666666667,9.571428571428571,78.125,1,114
879.6849087893864,35.173694368642785,,,,,,,41.84585487859002,42.16643214964034,0.039984423987730416,0.04756914033705303,877.7777777777777,41.18333333333324,0.04691772151898724,50.0,0.8405538486594291,850.0,911.1111111111111,20.8955223880597,65.67164179104478,816.6666666666666,961.1111111111111,7.444444444444445,54.6875,1,114
873.217247097844,40.10747548198815,,,,,,,44.27313364658235,44.54453247149714,0.04593069550021624,0.050701167199485635,875.0,41.18333333333341,0.04706666666666675,54.16666666666674,0.9059100221401255,841.6666666666666,910.5555555555555,28.35820895522388,64.17910447761194,786.1111111111111,955.5555555555557,7.444444444444445,93.75,1,114
837.4603174603175,40.27810499379234,,,,,,,42.237104335459364,42.53631310661452,0.04809553856347455,0.05043475309200038,834.7222222222222,41.18333333333324,0.0493377703826954,57.638888888888914,0.9536189951349865,805.5555555555555,870.0,21.428571428571427,70.0,741.6666666666667,933.3333333333334,8.75,85.9375,1,114
855.3140096618357,39.75385849522582,,,,,,,40.735788964272636,41.02471034837675,0.04647867104496891,0.04762670610338569,852.7777777777777,41.18333333333341,0.04829315960912061,55.55555555555554,0.9758951405137134,812.7777777777778,887.7777777777778,14.492753623188406,55.072463768115945,777.7777777777778,947.2222222222222,8.625,31.25,1,114
856.0049019607842,41.372956782309224,,,,,,,46.37941681430869,46.66219296828012,0.04833261665621236,0.05418125142516234,855.5555555555555,47.36083333333327,0.055356818181818104,60.41666666666663,0.8920542694177451,813.8888888888889,894.4444444444445,27.941176470588236,66.17647058823529,777.7777777777778,986.1111111111112,6.8,85.9375,1,114
817.6697530864197,56.815343857014156,,,,,,,64.06300693528195,64.49775002704595,0.06948446318645876,0.07834826553564726,823.6111111111111,55.59750000000008,0.06750455311973029,69.44444444444446,0.8868666423105996,769.4444444444445,855.0,26.38888888888889,58.333333333333336,700.0,1011.1111111111111,9.0,125.0,1,114
955.4659498207886,65.73415773787065,,,,,,,63.79378365189649,64.29289384644287,0.06879801184982053,0.06676719736989259,945.8333333333333,70.01166666666667,0.07402114537444934,91.66666666666674,1.0304163505422754,889.9999999999999,1010.0,46.774193548387096,74.19354838709677,833.3333333333334,1138.888888888889,8.857142857142858,46.875,0,115
954.3458781362008,57.613568335597286,,,,,,,73.82366980746302,74.43461135432544,0.060369693688114706,0.0773552560960788,948.6111111111111,70.01166666666667,0.07380439238653003,93.05555555555554,0.7804213538267233,900.0,1010.5555555555555,50.0,79.03225806451613,841.6666666666666,1097.2222222222224,10.333333333333334,132.8125,0,115
945.9677419354839,63.47409783343738,,,,,,,80.83457738512759,81.49298574744864,0.06709964306348026,0.08545172715904366,936.1111111111111,61.77499999999994,0.0659910979228486,74.30555555555543,0.7852344861162807,892.2222222222223,992.7777777777778,62.903225806451616,82.25806451612904,838.8888888888889,1108.3333333333335,7.75,85.9375,0,115
939.5502645502644,75.6899669612476,,,,,,,50.51876443004154,50.89059440979627,0.08055978463001999,0.053769091805028035,933.3333333333334,86.48500000000006,0.09266250000000005,120.83333333333337,1.4982545162216543,872.2222222222223,1008.3333333333333,26.984126984126984,63.49206349206349,805.5555555555555,1113.888888888889,9.0,70.3125,0,115
956.3620071684587,69.61161499426983,,,,,,,71.48460374908244,72.00615126039455,0.07278793435173347,0.07474638600578658,951.3888888888889,76.1891666666667,0.08008204379562046,102.08333333333326,0.9737987110988686,889.4444444444443,1016.1111111111111,58.06451612903226,79.03225806451613,830.5555555555557,1111.111111111111,12.4,109.375,0,115
950.6272401433692,59.787409577339155,,,,,,,78.54568228506511,79.19165500027462,0.0628925903367994,0.08262511210305652,944.4444444444445,61.77499999999994,0.0654088235294117,77.77777777777783,0.7611800908464105,898.3333333333334,1006.1111111111111,51.61290322580645,80.64516129032258,836.1111111111111,1100.0,10.333333333333334,70.3125,0,115
946.7741935483872,70.14526797153604,,,,,,,82.50958988254955,83.19306146112734,0.07408869870928848,0.08714811878565709,937.5,84.42583333333334,0.09005422222222223,106.94444444444457,0.8501468504617,880.5555555555555,1022.2222222222222,67.74193548387096,88.70967741935483,836.1111111111111,1108.3333333333335,12.4,70.3125,0,115
928.4832451499118,87.75878874212843,,,,,,,80.15985497530225,80.75754837715718,0.09451844090946304,0.0863341965447742,913.8888888888889,90.60333333333345,0.09914042553191502,127.77777777777783,1.0947972494357363,851.1111111111111,997.7777777777778,39.682539682539684,69.84126984126983,808.3333333333334,1194.4444444444443,12.6,54.6875,0,115
948.0734767025087,58.85809740258009,,,,,,,71.33492357600743,71.92655841226328,0.06208178885806852,0.07524197789407334,943.0555555555555,61.77499999999994,0.0655051546391752,81.25,0.8250951210435761,892.2222222222223,988.8888888888889,53.2258064516129,72.58064516129032,847.2222222222222,1119.4444444444446,8.857142857142858,85.9375,0,115
921.7013888888889,49.12988490551269,,,,,,,59.362509257855564,59.833975985682414,0.053303472792569806,0.0644053594509791,918.0555555555554,49.41999999999989,0.05383116490166403,63.19444444444457,0.8276248009009362,883.3333333333333,959.4444444444445,43.75,81.25,830.5555555555557,1050.0,8.0,54.6875,0,115
905.0854700854701,63.39743274668064,,,,,,,78.71000110971514,79.33048739084376,0.0700457966038211,0.08696416383999878,888.8888888888888,61.77499999999994,0.06949687499999994,88.88888888888891,0.8054558741310388,847.2222222222222,962.2222222222222,61.53846153846154,84.61538461538461,808.3333333333334,1063.888888888889,10.833333333333334,54.6875,0,115
913.4982638888889,65.85125071052269,,,,,,,75.7135046306847,76.32133146130826,0.07208689202121171,0.08288303067852784,897.2222222222222,57.6566666666667,0.06426130030959756,81.24999999999989,0.8697424723862922,861.1111111111112,960.5555555555557,60.9375,84.375,800.0,1127.7777777777778,9.142857142857142,85.9375,0,115
922.4826388888889,70.40468174587676,,,,,,,69.2890678008851,69.84322549460843,0.07632087453773409,0.07511151416826917,912.5,74.12999999999991,0.08123835616438346,94.44444444444434,1.0161008652648866,863.8888888888889,972.2222222222222,46.875,82.8125,811.1111111111111,1094.4444444444446,12.8,78.125,0,115
916.8803418803418,60.763507324809325,,,,,,,68.89189901577689,69.43645236198114,0.06627201451412437,0.07513728440779209,902.7777777777778,57.6566666666667,0.06386584615384619,97.22222222222217,0.8820123729045982,868.8888888888889,977.7777777777777,50.76923076923077,78.46153846153847,800.0,1094.4444444444446,8.125,101.5625,0,115
936.5079365079364,98.1368360805073,,,,,,,101.24793806377721,101.53513977612955,0.10479018089952476,0.10811220505115195,936.1111111111111,82.36666666666665,0.0879881305637982,106.94444444444446,0.9692724410712423,867.2222222222223,997.2222222222223,53.96825396825397,79.36507936507937,463.8888888888889,1136.111111111111,15.75,398.4375,0,115
929.296875,78.41595341401221,,,,,,,89.75547595246135,90.44217332763725,0.08438202637237127,0.09658428685931109,913.8888888888889,72.0708333333333,0.07886170212765953,99.30555555555543,0.8736620532829097,863.8888888888889,990.0000000000001,53.125,75.0,811.1111111111111,1158.3333333333335,12.8,54.6875,0,115
902.4786324786324,62.20246128135678,,,,,,,63.11808573549723,63.617050699649155,0.06892402661159905,0.06993859296385241,894.4444444444445,53.53833333333329,0.059856521739130385,72.22222222222229,0.9854934692098004,850.0,938.3333333333334,41.53846153846154,72.3076923076923,805.5555555555555,1063.888888888889,10.833333333333334,125.0,0,115
904.1452991452992,67.28790960465976,,,,,,,56.879832924495474,57.32746329713588,0.07442156660911463,0.06291005768460528,888.8888888888888,53.53833333333329,0.06023062499999996,74.99999999999989,1.1829836014810446,852.7777777777777,956.1111111111112,27.692307692307693,66.15384615384615,797.2222222222223,1108.3333333333335,9.285714285714286,70.3125,0,115
947.7150537634407,79.68251264664639,,,,,,,69.99689182679374,70.57181445697606,0.08407855539512825,0.07385858391594746,922.2222222222223,63.83416666666681,0.0692177710843375,99.30555555555577,1.1383721557782818,881.1111111111111,1009.4444444444445,37.096774193548384,69.35483870967742,841.6666666666666,1172.2222222222222,10.333333333333334,85.9375,0,115
887.5841750841751,63.163326511471084,,,,,,,59.931307623213954,60.38098219179899,0.07116319587996363,0.06752182982254083,875.0,57.6566666666667,0.06589333333333337,70.83333333333326,1.0539287230069585,836.1111111111111,922.2222222222223,34.84848484848485,71.21212121212122,780.5555555555555,1113.888888888889,8.25,85.9375,0,115
916.8402777777777,86.50755727794166,,,,,,,80.43078581659061,81.07476773633265,0.09435401058908237,0.08772606065206627,904.1666666666667,88.54416666666667,0.09792903225806451,114.58333333333337,1.0755528048079517,842.2222222222223,971.6666666666667,51.5625,71.875,763.8888888888888,1155.5555555555554,12.8,148.4375,0,115
835.9546165884193,86.19285332225854,,,,,,,40.012123383253275,40.30030980939635,0.10310709650006686,0.04786398996938989,825.0,74.13,0.08985454545454545,104.16666666666652,2.1541684378173693,761.1111111111111,880.5555555555555,16.901408450704224,45.07042253521127,722.2222222222222,1094.4444444444446,14.2,54.6875,0,115
908.0341880341881,75.4393687006494,,,,,,,63.37162280674604,63.857250044955265,0.08307987705173173,0.06978990839974855,888.8888888888888,61.77500000000011,0.06949687500000014,86.1111111111112,1.1904282289046686,848.8888888888889,958.8888888888889,38.46153846153847,81.53846153846153,786.1111111111111,1108.3333333333335,13.0,54.6875,0,115
893.1397306397307,93.36260694892037,,,,,,,54.044624732605264,54.424313280631985,0.10453303525311473,0.06051082812528632,861.1111111111111,59.71583333333332,0.0693474193548387,102.77777777777783,1.7275095795529591,825.0,952.7777777777777,28.78787878787879,74.24242424242425,777.7777777777778,1155.5555555555554,13.2,54.6875,0,115
942.1957671957672,96.26882395286185,,,,,,,77.28015412913086,77.86995201352434,0.10217496968744007,0.08202133444001534,944.4444444444445,107.07666666666658,0.11337529411764696,133.33333333333326,1.245712111184483,853.8888888888888,1026.111111111111,52.38095238095239,77.77777777777779,761.1111111111111,1133.3333333333333,12.6,187.5,0,115
950.1792114695342,105.66678897067753,,,,,,,85.73054750761999,86.40098496581396,0.11120722038030564,0.09022566108874377,941.6666666666667,140.0233333333335,0.14869734513274355,179.8611111111112,1.2325453650145597,840.0,1048.888888888889,46.774193548387096,77.41935483870968,788.8888888888889,1186.111111111111,20.666666666666668,31.25,0,115
897.7693602693602,97.3024329645411,,,,,,,74.34263991923773,74.91876437013849,0.10838243904352804,0.08280817235390224,872.2222222222223,61.77499999999994,0.07082484076433114,81.94444444444434,1.3088374729528813,827.7777777777777,936.1111111111111,28.78787878787879,62.121212121212125,783.3333333333334,1269.4444444444443,11.0,78.125,0,115
944.5788530465951,155.47863325403108,,,,,,,81.97126077842485,82.63847114332174,0.16460101001897137,0.08678074944620985,956.9444444444443,203.8574999999999,0.21302960812772126,262.5,1.8967456615593945,769.4444444444443,1099.4444444444446,43.54838709677419,72.58064516129032,702.7777777777777,1244.4444444444446,15.5,359.375,0,115
933.5537918871254,123.5421776170543,,,,,,,60.859084417308644,61.23566102095971,0.13233536052306197,0.06519076345272563,869.4444444444445,111.19500000000016,0.1278920127795529,230.55555555555554,2.0299710191157305,827.7777777777777,1065.5555555555557,41.269841269841265,69.84126984126983,769.4444444444445,1191.6666666666667,7.875,54.6875,0,115
925.7378472222222,118.52393566850598,,,,,,,68.14031183378748,68.67100725460456,0.12803185699293815,0.07360648809838546,890.2777777777778,127.6683333333333,0.14340280811232445,199.30555555555554,1.7394099392679285,814.4444444444445,1045.5555555555557,29.6875,56.25,738.8888888888889,1261.111111111111,12.8,85.9375,0,115
762.5901875901877,12.59776917115698,,,,,,,13.314130909351364,13.401789826125592,0.01651971055511005,0.017459090250589893,761.1111111111111,12.355000000000055,0.01623284671532854,19.44444444444457,0.9461953812027462,752.7777777777777,774.4444444444445,0.0,11.688311688311687,736.1111111111112,788.8888888888889,3.6666666666666665,39.0625,1,116
766.9225146198829,24.07198408981611,,,,,,,32.83579297674298,33.05657546731167,0.031387765557707135,0.04281500718885231,766.6666666666667,12.355000000000224,0.01611521739130464,19.44444444444457,0.7331019569670778,755.5555555555555,777.7777777777778,6.578947368421052,27.631578947368425,700.0,855.5555555555555,3.8,85.9375,1,116
759.3434343434344,29.968134374926297,,,,,,,44.53344524387428,44.82445967774487,0.03946585039065784,0.05864730401255143,758.3333333333333,20.591666666666534,0.02715384615384598,25.0,0.6729354580768374,742.2222222222223,775.0,7.792207792207792,31.16883116883117,683.3333333333334,897.2222222222223,5.133333333333334,109.375,1,116
748.6111111111111,22.7998080912519,,,,,,,34.8945937928214,35.123244322760485,0.030456144389056344,0.04661244439857404,747.2222222222223,12.355000000000055,0.016534572490706393,16.66666666666663,0.6533908440551136,738.8888888888889,758.3333333333333,2.564102564102564,25.64102564102564,683.3333333333334,897.2222222222223,4.588235294117647,93.75,1,116
756.3034188034188,61.4148183878553,,,,,,,101.896006870385,102.5635417807587,0.08120394125022257,0.13472900470501534,758.3333333333333,20.591666666666704,0.027153846153846205,29.861111111110972,0.6027205606396031,734.4444444444445,772.2222222222223,16.666666666666664,41.02564102564102,469.44444444444446,1013.8888888888888,4.875,304.6875,1,116
754.2378917378917,23.113981148514902,,,,,,,29.900830156697054,30.09550133650113,0.030645478570768145,0.03964376556022727,755.5555555555555,20.591666666666534,0.02725367647058806,22.222222222222058,0.773021385272072,738.8888888888889,768.3333333333334,3.8461538461538463,29.48717948717949,683.3333333333334,861.1111111111112,4.105263157894737,93.75,1,116
749.2877492877494,30.525814915736824,,,,,,,42.175821317431435,42.4523715139683,0.04073977580008982,0.056287883203111906,750.0,20.591666666666534,0.02745555555555538,26.388888888888687,0.7237752333496439,734.4444444444445,766.6666666666667,12.82051282051282,38.46153846153847,680.5555555555555,858.3333333333333,5.571428571428571,101.5625,1,116
735.4513888888889,34.001288521358624,,,,,,,43.114779376176244,43.389352480252555,0.04623186390704539,0.05862356102326971,736.1111111111112,20.59166666666687,0.027973584905660653,28.472222222222285,0.7886225793873962,713.8888888888889,756.1111111111111,18.75,37.5,672.2222222222223,811.1111111111111,5.0,62.5,1,116
742.0833333333333,87.89784645347116,,,,,,,143.52562630796933,144.44272795857586,0.11844740678738394,0.19340904162780823,738.8888888888889,20.591666666666704,0.02786842105263163,26.388888888888914,0.6124191805640676,725.0,758.3333333333333,26.25,46.25,486.1111111111111,977.7777777777777,6.153846153846154,289.0625,1,116
748.4528832630099,122.84446213752379,,,,,,,209.2980985311372,210.63278494891713,0.16413118966415374,0.2796409810309848,744.4444444444445,24.71000000000011,0.03319253731343298,37.500000000000114,0.5869353950162536,727.7777777777777,769.4444444444445,36.708860759493675,46.835443037974684,486.1111111111111,1036.1111111111113,5.642857142857143,250.0,1,116
767.6767676767678,121.46220795088819,,,,,,,194.26239389112837,195.552603175259,0.15822050772549906,0.25305232888449614,775.0,37.065,0.0478258064516129,44.44444444444434,0.6252481785999198,741.6666666666667,802.2222222222223,32.467532467532465,58.44155844155844,372.22222222222223,1066.6666666666667,7.0,421.875,1,116
766.0087719298247,38.639061082910054,,,,,,,49.3455106759299,49.67775145979547,0.05044206084685652,0.06441898903012892,766.6666666666667,24.709999999999944,0.03223043478260862,30.555555555555657,0.783030929331484,747.2222222222223,786.1111111111111,19.736842105263158,36.84210526315789,683.3333333333334,888.8888888888888,5.846153846153846,109.375,1,116
783.5555555555555,69.9124768627729,,,,,,,106.63467675958397,107.29059392844334,0.08922465850325527,0.13609076727683717,783.3333333333334,20.591666666666704,0.02628723404255324,30.555555555555543,0.6556260963813482,765.5555555555557,806.1111111111111,20.0,42.66666666666667,486.1111111111111,1033.3333333333335,4.411764705882353,296.875,1,116
770.5988455988456,44.856801092341264,,,,,,,51.2097795393403,51.46168649122911,0.05821031441785028,0.06645452407801662,777.7777777777778,20.591666666666534,0.02647499999999983,25.000000000000114,0.8759420855909258,761.1111111111111,791.1111111111111,16.883116883116884,36.36363636363637,525.0,866.6666666666667,4.277777777777778,257.8125,1,116
773.3187134502923,15.181202824928242,,,,,,,16.79885847581718,16.90865367898646,0.0196312368508383,0.021723072497322908,772.2222222222223,16.473333333333294,0.02133237410071937,20.138888888889028,0.9037044300826966,761.1111111111111,788.8888888888889,0.0,21.052631578947366,736.1111111111112,802.7777777777778,3.619047619047619,54.6875,1,116
767.8362573099415,27.3420008761703,,,,,,,32.81855592753473,33.03701290976197,0.0356091557488585,0.042741607491305705,769.4444444444445,16.473333333333464,0.021409386281588616,22.222222222222285,0.8331262635852418,755.5555555555555,786.1111111111111,7.894736842105263,25.0,675.0,836.1111111111111,4.470588235294118,117.1875,1,116
752.7065527065528,43.7100543927058,,,,,,,74.77385605586275,75.2641729178149,0.05807051132414737,0.09933998287512423,752.7777777777777,14.41416666666659,0.019147970479704696,19.444444444444343,0.5845633313340225,738.8888888888889,765.5555555555555,14.102564102564102,39.743589743589745,600.0,900.0,4.875,171.875,1,116
751.0196905766526,31.257089145856284,,,,,,,40.702277233014236,40.9655840189348,0.04161953346636794,0.054196018751202064,750.0,16.473333333333294,0.02196444444444439,22.22222222222217,0.7679444805241311,736.1111111111112,765.0,15.18987341772152,46.835443037974684,677.7777777777778,822.2222222222222,5.642857142857143,85.9375,1,116
751.1039886039887,56.560782550573265,,,,,,,87.9368204994419,88.45835752302033,0.07530353108056029,0.11707675878926216,750.0,16.473333333333294,0.02196444444444439,21.5277777777776,0.6431979485877846,736.1111111111112,762.7777777777777,17.94871794871795,29.48717948717949,494.44444444444446,1000.0,4.105263157894737,273.4375,1,116
751.6174402250351,38.58655267207389,,,,,,,58.66561851563027,59.044454004991415,0.05133802198698454,0.07805249768827306,750.0,16.473333333333294,0.02196444444444439,19.444444444444343,0.657737080906993,738.8888888888889,766.6666666666667,15.18987341772152,40.50632911392405,683.3333333333334,905.5555555555555,4.157894736842105,85.9375,1,116
741.5260196905765,28.37289405544657,,,,,,,41.911672826174794,42.17952218330705,0.038262843517326596,0.05652083907138372,741.6666666666667,16.473333333333464,0.022211235955056353,20.83333333333337,0.6769687808243973,726.6666666666666,752.7777777777777,7.59493670886076,30.37974683544304,683.3333333333334,883.3333333333333,4.157894736842105,85.9375,1,116
734.0972222222222,58.04879199358382,,,,,,,90.96447154580085,91.48266831496093,0.07907507375911522,0.1239133847563648,730.5555555555555,16.473333333333294,0.02254904942965774,22.222222222222285,0.6381479604853869,719.4444444444445,744.4444444444445,20.0,37.5,477.7777777777778,1000.0,4.0,273.4375,1,116
814.7762345679013,298.2327192358893,,,,,,,229.4821061369209,231.11536737899144,0.3660302136746177,0.28165046598176946,744.4444444444445,22.650833333333324,0.03042649253731342,29.166666666666742,1.299590300334564,725.0,771.6666666666667,22.22222222222222,47.22222222222222,675.0,2361.1111111111113,6.0,93.75,1,116
762.0014245014245,79.05122920849881,,,,,,,72.14795271057301,72.62083215455706,0.10374157667778879,0.09468217563737394,743.0555555555557,22.650833333333324,0.030483364485981292,29.861111111110972,1.0956822229678342,727.7777777777777,763.8888888888888,21.794871794871796,33.33333333333333,666.6666666666666,1061.111111111111,6.0,101.5625,1,116
725.3429355281206,25.166815044515165,,,,,,,37.257446020233566,37.4914690509963,0.03469643641899023,0.05136528419223729,722.2222222222222,16.473333333333294,0.022809230769230717,19.444444444444343,0.6754841711599799,713.8888888888889,736.1111111111112,6.172839506172839,25.925925925925924,666.6666666666666,852.7777777777777,3.857142857142857,78.125,1,116
733.2291666666666,49.231164537601536,,,,,,,70.39226594491849,70.8420260063975,0.06714294353757277,0.096003090363861,733.3333333333333,18.5325,0.02527159090909091,25.0,0.6993831478038314,716.6666666666666,750.0,17.5,43.75,458.3333333333333,902.7777777777778,5.333333333333333,304.6875,1,116
731.5277777777777,29.093656527374367,,,,,,,43.6427787772133,43.92095071426445,0.0397710892343071,0.05965976973532102,730.5555555555555,16.473333333333294,0.02254904942965774,19.44444444444457,0.6666316248076464,718.8888888888889,744.4444444444445,10.0,28.749999999999996,669.4444444444443,858.3333333333333,4.705882352941177,85.9375,1,116
712.8726287262873,35.32437326303499,,,,,,,46.137588048579275,46.33874083144936,0.04955215257198218,0.06472066143290535,711.1111111111111,12.355000000000055,0.01737421875000008,16.666666666666742,0.7656311211119486,700.5555555555555,722.2222222222222,2.4390243902439024,18.29268292682927,486.1111111111111,855.5555555555555,4.315789473684211,257.8125,1,116
718.6653116531165,20.604131932106252,,,,,,,31.26590435093598,31.460028093231035,0.028669996447597292,0.04350551479800283,716.6666666666666,12.355000000000055,0.017239534883721007,19.444444444444343,0.6589968324869337,708.3333333333334,727.7777777777777,3.6585365853658534,25.609756097560975,663.8888888888889,850.0,4.1,85.9375,1,116
722.1205962059621,11.86924137360061,,,,,,,15.816207376936969,15.911010217817749,0.016436647058624104,0.021902446018069115,722.2222222222222,12.354999999999887,0.017106923076922922,16.66666666666663,0.7504480113802894,713.8888888888889,733.3333333333333,0.0,21.951219512195124,700.0,752.7777777777777,3.9047619047619047,46.875,1,116
1203.4580498866214,35.54366578295871,,,,,,,34.82392512794724,35.159578110815964,0.029534611352931915,0.028936550909462965,1208.3333333333333,24.71000000000011,0.020449655172413886,38.888888888888914,1.0206679934087572,1177.2222222222222,1226.111111111111,14.285714285714285,59.183673469387756,1125.0,1266.6666666666665,4.9,93.75,1,117
1205.1587301587301,24.421022027598017,,,,,,,31.1882105178967,31.50256921892877,0.020263739054839316,0.02587892344586753,1208.3333333333333,24.71000000000011,0.020449655172413886,36.11111111111131,0.7830209435576474,1183.3333333333333,1226.111111111111,10.204081632653061,55.10204081632652,1150.0,1258.3333333333333,6.125,85.9375,1,117
1200.283446712018,30.55158274866967,,,,,,,29.15839829891249,29.46551045857445,0.025453639998419354,0.02429292712382829,1194.4444444444443,24.71000000000011,0.02068744186046521,33.33333333333326,1.047779868958342,1178.3333333333335,1226.111111111111,10.204081632653061,46.93877551020408,1136.111111111111,1266.6666666666665,5.444444444444445,62.5,1,117
1175.8333333333335,21.46711700771269,,,,,,,27.35218180204874,27.635097469719813,0.01825693863164793,0.02326195475723493,1177.7777777777778,24.709999999999773,0.02098018867924509,34.72222222222217,0.7848411202833098,1155.5555555555554,1192.2222222222222,4.0,57.99999999999999,1133.3333333333333,1219.4444444444446,6.25,23.4375,1,117
1196.9954648526077,23.308496031155666,,,,,,,30.767885995660734,31.08902590176931,0.019472501538696944,0.02570426279722734,1194.4444444444443,20.591666666666704,0.017239534883720962,25.0,0.7575592302455527,1177.7777777777778,1214.4444444444446,8.16326530612245,59.183673469387756,1150.0,1241.6666666666667,6.125,62.5,1,117
1170.1111111111113,16.472412938214443,,,,,,,24.190080403378015,24.431095183363535,0.014077648508587025,0.020673319117880742,1172.2222222222222,16.473333333333294,0.014053080568720346,22.22222222222217,0.6809573454710038,1155.5555555555554,1183.3333333333333,0.0,46.0,1138.888888888889,1211.111111111111,4.545454545454546,54.6875,1,117
1191.1666666666665,28.080493395726545,,,,,,,33.27659570355021,33.60894810103729,0.023573941566301847,0.02793613743127204,1191.6666666666667,32.94666666666625,0.0276475524475521,41.666666666666515,0.8438511452879989,1166.6666666666667,1217.2222222222222,10.0,60.0,1130.5555555555554,1255.5555555555554,7.142857142857143,70.3125,1,117
1181.9160997732426,22.259246132355507,,,,,,,31.219120545818026,31.546834688637926,0.018833186329068594,0.02641399042775337,1183.3333333333333,24.71000000000011,0.020881690140845167,33.33333333333326,0.7130004222792643,1161.1111111111113,1200.0,6.122448979591836,53.06122448979592,1138.888888888889,1230.5555555555557,6.125,85.9375,1,117
1182.1995464852607,29.685196560773687,,,,,,,26.223899428471153,26.501408737850603,0.02511014037268859,0.022182295287150242,1180.5555555555557,28.82833333333318,0.024419294117646928,41.666666666666515,1.1319901771948004,1158.3333333333335,1209.4444444444443,2.0408163265306123,42.857142857142854,1125.0,1241.6666666666667,6.125,70.3125,1,117
1188.4444444444443,23.983228792022572,,,,,,,26.346337575710823,26.61048898071446,0.020180353321634554,0.02216875824433409,1193.0555555555557,24.709999999999944,0.02071152502910356,36.111111111111086,0.9103059855322417,1169.4444444444446,1208.3333333333333,6.0,42.0,1138.888888888889,1241.6666666666667,5.0,39.0625,1,117
1174.0555555555557,34.004996075951425,,,,,,,30.786593038359186,31.105159004378358,0.028963702709843636,0.026222432910162557,1183.3333333333333,20.591666666666704,0.01740140845070426,32.638888888888914,1.104539110046448,1160.5555555555557,1197.2222222222222,10.0,46.0,1086.111111111111,1230.5555555555557,6.25,125.0,1,117
1168.6666666666667,46.75485674102501,,,,,,,31.140049709227675,31.143947449753394,0.04000700804993583,0.02664579267760497,1180.5555555555557,26.769166666666646,0.022675058823529392,31.944444444444343,1.501438089457199,1151.6666666666665,1200.0,8.0,56.00000000000001,988.8888888888889,1225.0,4.545454545454546,203.125,1,117
1087.5,123.36839879632869,,,,,,,45.01565584223034,45.190642121511324,0.11344220578972754,0.04139370652159111,1116.6666666666667,131.78666666666652,0.11801791044776105,197.91666666666652,2.7405665093208227,957.2222222222223,1200.0,25.925925925925924,66.66666666666666,791.6666666666666,1258.3333333333333,13.5,421.875,1,117
1186.7222222222222,28.84726855350845,,,,,,,31.499539083279537,31.7937389549372,0.024308357940318905,0.026543312742803787,1191.6666666666667,32.946666666666424,0.02764755244755224,43.05555555555543,0.9157997035207746,1163.888888888889,1214.4444444444443,8.0,62.0,1125.0,1236.111111111111,7.142857142857143,70.3125,1,117
1175.2222222222222,25.339966112646486,,,,,,,32.135507684171216,32.45559127182709,0.021561850715119447,0.02734419676255469,1173.611111111111,26.769166666666816,0.022809230769230898,35.416666666666515,0.7885347996268948,1155.5555555555554,1200.0,14.000000000000002,52.0,1116.6666666666667,1222.2222222222224,7.142857142857143,46.875,1,117
1178.3333333333333,21.915398843625514,,,,,,,28.090641718896176,28.380299320457677,0.018598641168564793,0.023839299902882187,1177.7777777777778,20.591666666666704,0.017483490566037766,27.083333333333258,0.7801672550927641,1155.5555555555554,1195.0,0.0,60.0,1136.111111111111,1230.5555555555557,6.25,15.625,1,117
1153.9215686274508,53.25566239698883,,,,,,,38.07278604248757,38.42946144796528,0.046151890947263054,0.03299425808269951,1172.2222222222222,32.94666666666659,0.028106161137440692,43.05555555555566,1.398785535094748,1141.6666666666665,1191.6666666666667,15.686274509803921,56.86274509803921,1022.2222222222222,1225.0,7.285714285714286,195.3125,1,117
1212.673611111111,37.33780372769367,,,,,,,39.465083003389296,39.84300112777348,0.030789656330925633,0.03254386229055438,1219.4444444444446,30.887500000000056,0.025329157175398676,43.05555555555543,0.9460971797395451,1187.2222222222222,1240.5555555555557,25.0,60.416666666666664,1105.5555555555557,1280.5555555555554,6.857142857142857,148.4375,1,117
1186.6213151927436,25.776729288695826,,,,,,,32.53035540281946,32.874133376542936,0.021722793075319817,0.02741426855081862,1183.3333333333333,24.709999999999773,0.02088169014084488,33.33333333333326,0.7923900298507563,1166.6666666666667,1205.5555555555554,12.244897959183673,63.26530612244898,1130.5555555555554,1244.4444444444446,7.0,93.75,1,117
1182.5555555555554,25.864006611398334,,,,,,,39.30975695276633,39.712125214559535,0.021871282486384012,0.033241361700168844,1183.3333333333333,24.71000000000011,0.020881690140845167,35.416666666666515,0.6579538673433141,1161.1111111111113,1203.3333333333333,22.0,64.0,1133.3333333333333,1230.5555555555557,7.142857142857143,46.875,1,117
1189.0589569160998,24.646472610921688,,,,,,,34.34283474545905,34.69517267896985,0.020727712841795403,0.02888236495398797,1194.4444444444443,28.82833333333318,0.024135348837209178,36.11111111111086,0.7176598202680559,1166.6666666666667,1210.5555555555554,8.16326530612245,65.3061224489796,1144.4444444444443,1255.5555555555554,5.444444444444445,78.125,1,117
1176.4999999999998,22.38608800697395,,,,,,,28.51349947490425,28.761059597531414,0.019027699113450026,0.024235868656952195,1177.7777777777778,20.591666666666704,0.017483490566037766,27.083333333333258,0.7851048948473247,1158.3333333333335,1191.6666666666667,8.0,60.0,1127.7777777777778,1222.2222222222224,5.555555555555555,62.5,1,117
1177.666666666667,22.38432936360169,,,,,,,32.965181628476394,33.28901532329028,0.01900735581398388,0.027991945905867295,1172.2222222222222,24.71000000000011,0.021079620853080665,30.55555555555543,0.6790294564694702,1158.3333333333335,1197.2222222222222,10.0,60.0,1136.111111111111,1225.0,5.555555555555555,39.0625,1,117
1172.611111111111,17.737784521975886,,,,,,,23.977581492096473,24.225451089167972,0.015126740957765953,0.02044802515079057,1175.0,20.591666666666367,0.017524822695035205,24.999999999999773,0.7397653732434458,1157.2222222222224,1188.888888888889,0.0,44.0,1125.0,1200.0,5.0,62.5,1,117
1164.7222222222224,20.80402322177479,,,,,,,33.19130740686748,33.5350723124001,0.017861789553634447,0.02849718737532147,1165.2777777777778,22.650833333333406,0.01943814064362342,27.777777777778056,0.6267913151703784,1149.4444444444443,1181.111111111111,10.0,56.00000000000001,1119.4444444444446,1205.5555555555554,5.555555555555555,70.3125,1,117
1166.8333333333333,17.40982960263089,,,,,,,22.275305080454245,22.505487465735506,0.01492057957660125,0.01909039144161198,1166.6666666666667,16.473333333333294,0.014119999999999966,21.52777777777783,0.7815753606852895,1152.7777777777776,1178.3333333333335,2.0,34.0,1127.7777777777778,1216.6666666666665,5.0,62.5,1,117
1162.0370370370372,32.071807293092576,,,,,,,33.639794923113534,33.96459148034622,0.027599642929513925,0.028948986866105666,1166.6666666666667,32.94666666666693,0.028240000000000223,47.22222222222217,0.9533889063948006,1136.111111111111,1188.888888888889,13.725490196078432,60.78431372549019,1094.4444444444446,1219.4444444444446,7.285714285714286,39.0625,1,117
1172.7222222222224,19.340424716605767,,,,,,,32.401467979646874,32.7259677713935,0.01649190605423771,0.027629277731472057,1172.2222222222222,20.591666666666534,0.01756635071090036,24.30555555555543,0.5968996444468053,1157.7777777777778,1191.6666666666667,10.0,57.99999999999999,1130.5555555555554,1213.8888888888887,4.545454545454546,31.25,1,117
1168.611111111111,22.024703256569314,,,,,,,34.03920049842437,34.39118462378105,0.01884690556777978,0.0291279110516586,1170.8333333333335,18.532499999999832,0.015828469750889532,29.861111111111086,0.647039382067414,1150.0,1183.888888888889,16.0,66.0,1111.111111111111,1211.111111111111,5.0,85.9375,1,117
1164.4444444444443,20.809699368455405,,,,,,,26.908156362166185,27.186039437932493,0.017870925030162087,0.023108149547661803,1163.888888888889,24.71000000000011,0.021230548926014416,34.02777777777783,0.7733602811121826,1146.6666666666665,1183.888888888889,6.0,48.0,1125.0,1205.5555555555554,7.142857142857143,15.625,1,117
689.5348837209302,213.18838452080482,,,,,,,387.4647124748487,389.7480560841294,0.3091770837907119,0.5619218427122594,655.5555555555557,255.33666666666676,0.3894966101694916,345.8333333333333,0.5502136779349769,469.44444444444446,863.8888888888889,81.3953488372093,90.69767441860465,419.44444444444446,1308.3333333333333,12.285714285714286,54.6875,1,200
725.6515775034293,217.04084126183247,,,,,,,401.74856530200856,404.2541069423568,0.29909787009428335,0.5536383820513502,708.3333333333334,304.7566666666667,0.430244705882353,411.11111111111114,0.5402404887212857,491.66666666666663,961.1111111111111,81.48148148148148,87.65432098765432,425.0,1125.0,27.0,23.4375,1,200
715.1422764227643,119.56293962744014,,,,,,,211.1614173691245,212.46665082549086,0.16718762625181338,0.295271898097511,711.1111111111111,65.89333333333335,0.09266250000000002,94.44444444444446,0.5662158414973887,661.6666666666666,775.0,42.68292682926829,60.97560975609756,452.77777777777777,1005.5555555555555,13.666666666666666,250.0,1,200
695.8496732026143,188.46124537161504,,,,,,,356.37616117519457,358.5051620934787,0.2708361484230226,0.5121453309520009,686.1111111111111,255.33666666666676,0.37215060728744953,347.22222222222223,0.5288267451732481,480.55555555555554,894.4444444444445,82.35294117647058,88.23529411764706,427.77777777777777,1158.3333333333335,17.0,62.5,1,200
639.2814009661835,84.45779961721423,,,,,,,141.01095587136606,141.79042851481378,0.13211365056072052,0.22057728514899375,644.4444444444446,65.89333333333352,0.10224827586206924,79.16666666666674,0.5989449478965229,584.4444444444445,693.8888888888889,54.347826086956516,71.73913043478261,427.77777777777777,902.7777777777778,13.142857142857142,171.875,1,200
623.4042553191489,95.18604174855588,,,,,,,168.16357844242788,169.07491014754854,0.15268750724171082,0.26975045006123244,620.8333333333334,92.6625,0.14925503355704697,124.30555555555554,0.5660324466819286,544.4444444444443,693.8888888888889,68.08510638297872,86.17021276595744,438.88888888888886,833.3333333333334,13.428571428571429,242.1875,1,200
670.0126262626262,125.7630034237972,,,,,,,223.85495339378326,225.15061296588675,0.1877024379754026,0.3341055744612765,666.6666666666666,70.01166666666667,0.10501750000000001,93.05555555555543,0.5618057653723993,603.8888888888888,722.7777777777778,57.95454545454546,81.81818181818183,441.66666666666663,1166.6666666666667,12.571428571428571,242.1875,1,200
708.1994645247659,192.10159581125242,,,,,,,355.6277979623205,357.8042910471894,0.271253517453817,0.5021576770055355,716.6666666666666,255.33666666666676,0.3562837209302327,304.16666666666674,0.5401759843070703,496.6666666666667,895.0000000000001,80.72289156626506,92.7710843373494,438.88888888888886,1286.1111111111113,27.666666666666668,0.0,1,200
733.5069444444445,179.76775213635378,,,,,,,326.7928119767649,328.84311604162207,0.24507982303086337,0.4455210880440629,738.8888888888889,191.50249999999986,0.2591763157894735,258.33333333333326,0.550097020338181,533.3333333333334,892.2222222222223,75.0,83.75,430.5555555555556,1122.2222222222222,16.0,312.5,1,200
704.3320105820106,151.2272857364914,,,,,,,271.9093973420801,273.54037313528426,0.21471022680273721,0.3860528745774216,706.9444444444443,191.50249999999977,0.2708876227897836,243.05555555555543,0.556167926576798,532.2222222222223,842.7777777777778,76.19047619047619,80.95238095238095,427.77777777777777,977.7777777777777,12.0,265.625,1,200
687.4677002583979,169.3652682187317,,,,,,,282.6009372955946,284.18941402136943,0.24636105544314665,0.41107522170041383,676.3888888888889,160.61500000000004,0.23745954825462018,217.3611111111112,0.5993089401595977,519.4444444444445,822.2222222222222,74.4186046511628,86.04651162790698,447.22222222222223,1288.888888888889,17.2,39.0625,1,200
644.3538647342995,121.0283089254243,,,,,,,209.33702060789005,210.47396157955552,0.1878289485783259,0.32487897111350544,626.3888888888889,131.7866666666666,0.210391130820399,172.22222222222217,0.5781505276705111,528.3333333333334,788.3333333333334,78.26086956521739,90.21739130434783,438.88888888888886,925.0,18.4,93.75,1,200
687.7583979328165,115.25631968723528,,,,,,,205.31141657924866,206.52850864119839,0.1675825697420187,0.2985225875777739,686.1111111111111,72.07083333333338,0.10504251012145757,102.08333333333348,0.5613731647638173,605.5555555555555,755.5555555555555,59.30232558139535,81.3953488372093,436.11111111111114,1005.5555555555555,14.333333333333334,250.0,1,200
665.0749063670413,150.2183967290545,,,,,,,248.15819870093264,249.57825282191843,0.22586688400201346,0.37312819402026753,633.3333333333333,98.83999999999993,0.15606315789473676,147.22222222222229,0.6053332008187644,568.3333333333334,791.1111111111111,64.04494382022472,79.7752808988764,447.22222222222223,1386.111111111111,9.88888888888889,171.875,1,200
603.0328798185941,43.54781183115377,,,,,,,49.589443362087565,49.846520650855254,0.07221465576512832,0.08223339891019738,600.0,45.30166666666665,0.07550277777777775,60.41666666666663,0.8781669822986402,565.0,636.1111111111111,37.755102040816325,67.3469387755102,522.2222222222223,719.4444444444445,9.8,156.25,1,200
647.7106227106227,95.43470807799252,,,,,,,161.05336342671097,161.9501312634866,0.14734158238536382,0.2486501807747326,641.6666666666667,74.13000000000017,0.11552727272727298,100.0,0.592565756140952,583.3333333333334,702.7777777777777,57.14285714285714,78.02197802197803,450.0,969.4444444444445,15.166666666666666,140.625,1,200
676.8837803320562,166.8267395882446,,,,,,,296.81623604303377,298.55699552418804,0.24646290018414252,0.43850398645602917,672.2222222222223,230.62666666666664,0.34308099173553713,306.94444444444434,0.5620539557143946,503.3333333333333,841.6666666666666,85.0574712643678,89.65517241379311,416.6666666666667,1072.2222222222222,21.75,242.1875,1,200
728.9094650205761,223.28987354308336,,,,,,,408.4373686441267,410.9795171201876,0.30633416666743407,0.5603403279069741,694.4444444444445,284.165,0.4091976,388.8888888888888,0.5466930567208624,502.77777777777777,930.5555555555555,85.18518518518519,90.12345679012346,430.5555555555556,1263.888888888889,16.2,101.5625,1,200
720.1303155006858,211.02681561956035,,,,,,,350.5716231570418,352.78040105561973,0.2930397611060708,0.4868169213419372,719.4444444444445,284.1649999999999,0.39497837837837824,344.44444444444446,0.6019506476855627,511.1111111111111,925.0,82.71604938271605,87.65432098765432,444.4444444444444,1152.7777777777776,20.25,46.875,1,200
711.8808567603749,188.96425308516075,,,,,,,323.6217969321031,325.611728989865,0.26544365014266386,0.454601066820142,694.4444444444445,251.21833333333333,0.3617544,345.83333333333326,0.5839045913363062,520.0000000000001,922.2222222222226,84.33734939759037,90.36144578313254,444.4444444444444,1091.6666666666665,16.6,62.5,1,200
691.4082687338502,185.13750209433917,,,,,,,361.9874986306173,364.1037443357966,0.2677687127366505,0.5235510117538966,702.7777777777778,277.9874999999999,0.3955553359683793,366.6666666666667,0.5114472262017504,502.77777777777777,880.5555555555555,98.83720930232558,98.83720930232558,413.88888888888886,952.7777777777777,8.6,101.5625,1,200
686.9186046511627,165.55723684229295,,,,,,,269.34150044779824,270.93793817329896,0.2410143439430757,0.3921010417014076,693.0555555555555,242.9816666666666,0.35059478957915824,322.2222222222222,0.6146740720128275,505.55555555555554,861.1111111111112,87.20930232558139,89.53488372093024,441.66666666666663,1069.4444444444443,12.285714285714286,70.3125,1,200
695.6862745098039,146.22962399093777,,,,,,,240.43580606297934,241.8795485063499,0.2101947808212465,0.34560952957192637,700.0,164.7333333333333,0.23533333333333328,222.22222222222217,0.6081857206935086,555.5555555555555,811.1111111111111,80.0,89.41176470588236,436.11111111111114,1061.111111111111,17.0,234.375,1,200
661.4814814814814,152.61011115191903,,,,,,,261.22115645314994,262.7010829679756,0.23070957452977683,0.3949032040445156,637.5,191.50250000000003,0.3003960784313726,256.2499999999999,0.584218036640113,508.3333333333333,806.1111111111111,80.0,86.66666666666667,430.5555555555556,1050.0,15.0,62.5,1,200
679.661558109834,161.5407342330431,,,,,,,297.8511000110253,299.59415085167467,0.23767819778169352,0.43823443662072215,675.0,230.62666666666664,0.3416691358024691,306.94444444444446,0.5423539957618537,506.1111111111111,843.8888888888889,90.80459770114942,95.40229885057471,450.0,1136.111111111111,21.75,0.0,1,200
719.1700960219479,201.44951431263422,,,,,,,366.57393082331873,368.8856887723827,0.2801138637812414,0.5097179830627044,730.5555555555555,275.92833333333346,0.37769657794676825,369.44444444444446,0.5495467554394337,516.6666666666667,913.8888888888889,88.88888888888889,93.82716049382715,422.22222222222223,1161.1111111111113,20.25,101.5625,1,200
757.7991452991454,188.21928343202597,,,,,,,335.2083209084838,337.40455408626144,0.2483762149899567,0.44234454866818107,741.6666666666666,162.67416666666668,0.2193359550561798,215.27777777777771,0.5614994368931917,609.4444444444445,944.4444444444445,69.23076923076923,84.61538461538461,397.2222222222222,1241.6666666666667,15.6,382.8125,1,200
744.6581196581196,200.64269093130727,,,,,,,342.6543695844988,344.90001540761017,0.26944269542568666,0.4601499138179209,741.6666666666667,189.4433333333333,0.255429213483146,254.16666666666674,0.5855541581874637,558.3333333333334,895.0,83.33333333333334,89.74358974358975,413.88888888888886,1213.8888888888887,13.0,382.8125,1,200
752.5997150997149,188.22262798266877,,,,,,,334.5949249895518,336.7826535884562,0.25009659744254675,0.44458550578273875,734.7222222222222,162.6741666666666,0.22140907372400748,218.05555555555543,0.5625388011744239,590.0,875.5555555555555,74.35897435897436,88.46153846153845,383.33333333333337,1233.3333333333335,19.5,328.125,1,200
739.8382559774965,168.7183112919297,,,,,,,294.66693872912464,296.45250439700123,0.2280475630028269,0.39828562033440923,722.2222222222222,144.1416666666666,0.19958076923076914,199.9999999999999,0.572572925960403,612.7777777777778,863.8888888888889,74.68354430379746,87.34177215189874,450.0,1158.3333333333335,19.75,257.8125,1,200
668.0087390761548,132.96067474355016,,,,,,,175.91676057110547,176.89583067650085,0.19904032232786745,0.2633449987711171,666.6666666666666,82.36666666666648,0.12354999999999972,108.33333333333326,0.7558158433107772,574.4444444444445,755.5555555555555,75.28089887640449,87.64044943820225,347.22222222222223,1013.8888888888888,12.714285714285714,296.875,1,201
671.6224747474748,155.3435707007976,,,,,,,210.62195463996323,211.81663315821714,0.23129596840725986,0.3136017071482838,670.8333333333333,158.55583333333334,0.23635652173913047,211.80555555555566,0.7375469046725999,537.2222222222222,803.3333333333334,78.4090909090909,89.77272727272727,377.77777777777777,1155.5555555555554,17.6,320.3125,1,201
669.6969696969696,146.28738617864562,,,,,,,189.436981834492,190.53361761491027,0.21843817845680116,0.28286970138182066,673.6111111111111,107.07666666666667,0.15895917525773195,133.33333333333326,0.7722219007187019,578.3333333333334,756.1111111111111,75.0,88.63636363636364,363.88888888888886,1141.6666666666665,11.0,335.9375,1,201
695.8169934640523,172.01014396098802,,,,,,,236.70695902386004,238.12740593826382,0.2472060118920831,0.34018565405457996,661.1111111111111,144.1416666666666,0.21802941176470578,194.44444444444434,0.7266797084054019,586.1111111111111,827.7777777777777,71.76470588235294,91.76470588235294,369.44444444444446,1213.8888888888887,17.0,390.625,1,201
698.0392156862746,157.33103317329844,,,,,,,191.79602260139362,192.9305117919789,0.22538996325388258,0.2747639649626706,675.0,123.55000000000005,0.1830370370370371,174.9999999999999,0.8203039408188189,601.6666666666666,816.6666666666666,72.94117647058823,88.23529411764706,375.0,1133.3333333333333,21.25,281.25,1,201
681.7369093231163,139.43409281912935,,,,,,,189.56502334653126,190.67684012738238,0.20452771576878656,0.2780618457855638,675.0,127.6683333333333,0.1891382716049382,166.66666666666663,0.7355475728464903,588.8888888888889,771.1111111111112,74.71264367816092,86.20689655172413,400.0,1102.7777777777778,14.5,187.5,1,201
1087.3456790123457,465.24086704453595,,,,,,,414.27387719913787,418.16399642900507,0.42786841022546024,0.3809955612049976,1066.6666666666665,411.83333333333354,0.38609375000000024,540.2777777777778,1.1230272837620865,709.4444444444445,1325.0,70.37037037037037,87.03703703703704,441.66666666666663,2883.3333333333335,18.0,304.6875,1,201
1136.912393162393,406.11376234067393,,,,,,,442.38117209961086,446.5361521999042,0.35720761316625554,0.3891075290938644,1220.8333333333333,232.68583333333333,0.1905959044368601,340.2777777777778,0.9180177366346626,704.4444444444446,1325.5555555555557,80.76923076923077,94.23076923076923,302.77777777777777,1991.6666666666667,17.333333333333332,914.0625,1,201
770.6505847953216,396.60190765245056,,,,,,,312.94433431299063,314.4773112843691,0.5146325915755773,0.4060781117763066,643.0555555555555,228.56750000000005,0.35543974082073443,329.86111111111126,1.267324134572093,497.22222222222223,944.4444444444445,78.94736842105263,85.52631578947368,394.44444444444446,1947.2222222222222,15.2,109.375,1,201
1148.202614379085,346.0459290902609,,,,,,,422.40529656705445,426.6085118388917,0.30138054447593526,0.3678839355329975,1177.7777777777778,329.4666666666666,0.2797358490566037,369.44444444444434,0.8192272490487772,911.1111111111111,1347.2222222222224,96.07843137254902,96.07843137254902,302.77777777777777,1988.888888888889,17.0,539.0625,1,201
1108.385744234801,286.792551373217,,,,,,,400.9738930597347,404.8848877362416,0.2587479610460081,0.36176384904386877,1188.888888888889,160.61499999999987,0.1350967289719625,308.33333333333337,0.7152399603494694,912.2222222222223,1261.111111111111,77.35849056603774,90.56603773584906,302.77777777777777,1625.0,17.666666666666668,976.5625,1,201
1025.3411306042883,312.27331733220234,,,,,,,436.8985220421445,440.8489547746778,0.3045555357251328,0.42610064982437296,1108.3333333333335,238.86333333333295,0.21551578947368383,283.3333333333335,0.7147502259164876,894.4444444444446,1240.5555555555557,94.73684210526315,96.49122807017544,302.77777777777777,1452.7777777777778,14.25,648.4375,1,201
1051.2626262626263,333.4511186711534,,,,,,,491.364761648089,495.9766351535279,0.31719107132783264,0.4674043853294336,1177.7777777777778,205.91666666666669,0.17483490566037738,352.77777777777794,0.6786223691595696,867.7777777777778,1270.5555555555554,90.9090909090909,96.36363636363636,302.77777777777777,1875.0,13.75,937.5,1,201
1050.8585858585861,316.24397495271535,,,,,,,437.77875044282075,441.85831920823006,0.3009386602616313,0.4165914960718916,1172.2222222222222,267.6916666666668,0.22836255924170626,334.7222222222222,0.72238310935108,842.7777777777778,1277.7777777777778,89.0909090909091,94.54545454545455,302.77777777777777,1516.6666666666665,11.0,875.0,1,201
1027.5828460038988,293.7697513196906,,,,,,,412.1156886469189,415.79122799570774,0.2858842500749336,0.4010534919394278,1125.0,238.86333333333363,0.2123229629629632,313.8888888888887,0.7128332150717479,879.4444444444443,1230.5555555555557,92.98245614035088,98.24561403508771,302.77777777777777,1411.1111111111113,28.5,0.0,1,201
1079.6810699588477,278.46394500581636,,,,,,,395.85664170589524,399.6441433098602,0.25791314931216686,0.3666421989976942,1162.5,166.7925,0.1434774193548387,313.1944444444448,0.7034464391093969,872.2222222222223,1254.4444444444446,79.62962962962963,85.18518518518519,313.88888888888886,1494.4444444444446,18.0,0.0,1,201
1073.6363636363637,245.1961137157752,,,,,,,375.845145793885,379.3664363798746,0.22837910676321144,0.3500674516285127,1138.888888888889,140.0233333333335,0.12294731707317089,227.77777777777783,0.652386006470446,962.7777777777778,1224.4444444444446,83.63636363636363,90.9090909090909,302.77777777777777,1466.6666666666665,18.333333333333332,859.375,1,201
1111.425576519916,203.8591209269615,,,,,,,296.11358660628775,298.986760028417,0.18342129714639377,0.26642682412750973,1163.888888888889,140.02333333333317,0.120306443914081,252.77777777777783,0.6884490619405867,955.5555555555555,1250.0,83.01886792452831,94.33962264150944,316.66666666666663,1408.3333333333335,13.25,898.4375,1,201
1043.3723196881092,320.41293592975217,,,,,,,428.5737479728537,432.42506830035273,0.307093575211514,0.41075821150877895,1086.111111111111,247.1000000000001,0.22750895140664973,316.6666666666665,0.7476261377307867,844.4444444444445,1280.5555555555557,85.96491228070175,94.73684210526315,366.66666666666663,2002.7777777777778,19.0,945.3125,1,201
978.6111111111111,307.98694511210925,,,,,,,408.3288494059252,411.82435281735764,0.31471842248186016,0.4172534368042381,1056.9444444444443,197.67999999999995,0.1870296977660972,242.3611111111112,0.754262025718235,631.6666666666667,1205.0,93.33333333333333,98.33333333333333,302.77777777777777,1416.6666666666667,20.0,734.375,1,201
1010.6800766283525,309.26588412153626,,,,,,,425.50454832011957,429.1966646539687,0.3059978041253697,0.4210081490273467,1109.7222222222222,181.20666666666668,0.163290112640801,293.05555555555566,0.7268215706330511,671.6666666666667,1230.5555555555557,93.10344827586206,94.82758620689656,302.77777777777777,1427.7777777777778,14.5,937.5,1,201
1042.6587301587301,317.6144016396425,,,,,,,443.6370507207058,447.71653139980526,0.3046197115630444,0.42548634360273213,1136.111111111111,179.14749999999995,0.15768484107579459,298.6111111111113,0.7159329932512747,902.7777777777778,1241.6666666666667,92.85714285714286,92.85714285714286,302.77777777777777,1811.111111111111,14.0,898.4375,1,201
1167.4444444444446,124.58679500065867,,,,,,,203.49212539929223,205.60062119628424,0.10671753640486607,0.1743056180254716,1186.111111111111,121.49083333333317,0.10242786885245889,203.47222222222194,0.6122438141338121,1026.1111111111109,1271.111111111111,80.0,84.0,908.3333333333334,1372.2222222222222,12.5,289.0625,1,201
1173.3333333333333,59.25069618781065,,,,,,,69.3003039240139,69.73441915100253,0.05049775243279317,0.059062759026148215,1175.0,53.53833333333329,0.04556453900709216,77.08333333333348,0.8549846513339623,1138.888888888889,1220.5555555555557,34.0,70.0,930.5555555555555,1266.6666666666665,10.0,226.5625,1,201
1013.3432539682539,454.117099399628,,,,,,,726.6561640114583,733.3188788834967,0.44813748709660295,0.7170878783333007,1087.5,576.5666666666668,0.5301762452107281,818.0555555555554,0.6249408205563192,527.7777777777778,1380.5555555555554,92.85714285714286,94.64285714285714,333.3333333333333,2063.888888888889,18.666666666666668,226.5625,1,201
1036.111111111111,535.551562588026,,,,,,,787.7374820385695,794.8002446855565,0.516886226626513,0.7602828244876274,1002.7777777777777,716.5899999999998,0.7146049861495843,966.6666666666666,0.6798604545286878,512.2222222222222,1522.2222222222222,96.49122807017544,98.24561403508771,347.22222222222223,2063.888888888889,19.0,179.6875,1,201
813.8508371385085,449.07586224125777,,,,,,,498.02529291877465,501.5198648981506,0.5517913624322168,0.6119368196140544,591.6666666666666,242.9816666666666,0.41067323943661965,466.6666666666667,0.9017129624267892,488.88888888888886,1163.3333333333333,76.71232876712328,90.41095890410958,372.22222222222223,2086.1111111111113,18.25,132.8125,1,201
660.5555555555555,136.76097757843493,,,,,,,199.9631503020173,201.0921757245129,0.20703932686390486,0.30271965562963093,669.4444444444443,111.195,0.16610041493775934,178.47222222222229,0.6839309011279127,530.5555555555555,748.3333333333334,80.0,90.0,372.22222222222223,1183.3333333333333,12.857142857142858,375.0,1,201
646.7032967032967,116.55190717370758,,,,,,,147.31536769223717,148.14003306945975,0.18022469928304824,0.22779436635503114,652.7777777777778,119.43166666666647,0.1829591489361699,156.94444444444446,0.7911727676449964,563.8888888888889,738.8888888888889,73.62637362637363,85.71428571428571,377.77777777777777,958.3333333333334,15.166666666666666,187.5,1,201
751.6877637130802,342.75831954077927,,,,,,,301.12184067468,302.5963022820999,0.4559849662147891,0.400594309513888,694.4444444444445,144.14166666666677,0.20756400000000014,205.55555555555554,1.138271202025102,530.5555555555555,811.666666666667,75.9493670886076,83.54430379746836,422.22222222222223,2697.2222222222226,15.8,54.6875,1,201
1127.724358974359,54.2618720454059,,,,,,,73.93334944237012,74.64954836709516,0.048116254307706816,0.06555976986221253,1120.8333333333335,51.47916666666693,0.04592936802974,75.00000000000023,0.733929579204337,1089.4444444444443,1168.888888888889,26.923076923076923,63.46153846153846,983.3333333333333,1311.111111111111,6.5,117.1875,1,202
1129.0064102564102,40.02546038816061,,,,,,,41.968766844671066,42.3772380816827,0.03545193368660358,0.03717318738264691,1129.1666666666665,45.30166666666715,0.04011955719557239,60.41666666666674,0.9536963651159266,1089.4444444444443,1168.888888888889,21.153846153846153,57.692307692307686,1063.888888888889,1222.2222222222224,8.666666666666666,46.875,1,202
1138.7286324786326,36.548024953990875,,,,,,,40.53659986168853,40.93371311673444,0.03209546498750805,0.035598121190167906,1138.888888888889,43.24249999999994,0.03796902439024385,56.94444444444457,0.9016055880042547,1101.111111111111,1174.4444444444443,25.0,73.07692307692307,1077.7777777777778,1213.8888888888887,6.5,15.625,1,202
1135.1495726495727,57.18705853017375,,,,,,,73.20431642901436,73.92094739196779,0.050378434620463645,0.06448869663770111,1136.111111111111,47.360833333333346,0.041686797066014684,63.888888888888914,0.781197903618533,1100.0,1178.888888888889,32.69230769230769,67.3076923076923,975.0,1330.5555555555554,10.4,132.8125,1,202
1125.5341880341878,59.78973096251645,,,,,,,71.30195490093004,71.99831219948112,0.05312120377875217,0.06334943501402045,1130.5555555555554,57.65666666666687,0.050998525798525984,76.38888888888869,0.8385426605145797,1089.4444444444443,1177.2222222222222,34.61538461538461,67.3076923076923,963.8888888888889,1211.111111111111,8.666666666666666,140.625,1,202
1147.276688453159,54.00471571795646,,,,,,,73.29965556653619,74.02469064368266,0.047072093647060415,0.06389012894994324,1147.2222222222222,45.30166666666648,0.039488135593220175,61.111111111111086,0.7367662958379775,1111.111111111111,1188.888888888889,29.411764705882355,70.58823529411765,1038.888888888889,1375.0,10.2,164.0625,1,202
1135.7298474945535,61.141456122190206,,,,,,,61.13130979323966,61.751948139450526,0.05383450673333071,0.05382557298119509,1138.888888888889,57.6566666666667,0.050625365853658566,77.7777777777776,1.0001659759783468,1088.8888888888887,1191.6666666666667,29.411764705882355,64.70588235294117,961.1111111111111,1244.4444444444446,10.2,171.875,1,202
1124.0384615384614,68.21212618452174,,,,,,,89.7190267006845,90.59013333985688,0.06068486846184997,0.07981846686801701,1126.388888888889,55.59750000000017,0.049359062885326904,70.13888888888891,0.7602860696659934,1080.5555555555554,1175.0,38.46153846153847,65.38461538461539,969.4444444444445,1355.5555555555557,7.428571428571429,203.125,1,202
1122.7029914529915,36.287574345468755,,,,,,,40.11640349155283,40.49223576322772,0.03232161544212662,0.03573198236484127,1125.0,41.18333333333307,0.03660740740740717,51.38888888888869,0.9045570187544281,1089.4444444444443,1154.4444444444443,25.0,51.92307692307693,1058.3333333333333,1194.4444444444443,7.428571428571429,39.0625,1,202
1046.4781746031745,78.17268265892704,,,,,,,36.929346804991305,37.112927299523854,0.07470072912755223,0.035289170573476074,1061.111111111111,90.6033333333333,0.0853853403141361,121.52777777777783,2.116817366733423,966.6666666666666,1113.888888888889,14.285714285714285,66.07142857142857,886.1111111111111,1177.7777777777778,14.0,187.5,1,202
922.3090277777778,98.58017219646226,,,,,,,155.8065183932281,157.05789585470356,0.10688410199559954,0.16893092629552822,931.9444444444445,49.419999999999966,0.053028912071534984,65.2777777777776,0.6327089085429876,886.1111111111112,967.7777777777778,32.8125,60.9375,633.3333333333333,1147.2222222222222,9.142857142857142,312.5,1,202
963.9799635701276,82.5549561520454,,,,,,,51.76041872417627,52.11947375535481,0.0856397013131899,0.05369449644210453,947.2222222222222,94.72166666666669,0.09999941348973611,133.33333333333314,1.5949437463396257,888.8888888888888,1044.4444444444446,24.59016393442623,63.934426229508205,811.1111111111111,1127.7777777777778,12.2,93.75,1,202
982.3148148148149,279.8374518215945,,,,,,,419.9255793032501,423.42472763732854,0.284875528294205,0.4274857438472147,1061.111111111111,82.36666666666673,0.07762303664921472,109.72222222222229,0.6663977276304698,676.6666666666667,1135.5555555555554,63.33333333333333,80.0,394.44444444444446,1594.4444444444446,12.0,648.4375,1,202
1056.3636363636365,87.6320493037709,,,,,,,107.14700767103947,108.152793333481,0.0829563289450499,0.10143004168514923,1083.3333333333333,57.65666666666636,0.05322153846153818,79.16666666666652,0.8178674440710187,1024.4444444444443,1119.4444444444446,36.36363636363637,63.63636363636363,844.4444444444445,1236.111111111111,11.0,250.0,1,202
1094.3930041152262,40.7480524641856,,,,,,,42.44212019056861,42.78782420245611,0.03723347308595855,0.038781424982592426,1094.4444444444446,41.18333333333307,0.03762944162436523,52.77777777777783,0.9600852238583627,1058.888888888889,1127.7777777777778,20.37037037037037,68.51851851851852,1025.0,1241.6666666666667,6.75,70.3125,1,202
1101.7295597484276,38.39439277671008,,,,,,,43.376594666505284,43.79128740191788,0.03484919909517284,0.03937136321949103,1097.2222222222224,49.41999999999955,0.04504101265822743,58.33333333333326,0.8851407786134401,1066.6666666666667,1137.7777777777778,18.867924528301888,66.0377358490566,1036.1111111111113,1197.2222222222222,7.571428571428571,117.1875,1,202
1086.7798353909466,48.40194648316636,,,,,,,42.982371697354694,43.38543638407179,0.044537030322940034,0.0395502109053143,1086.1111111111109,59.71583333333324,0.05498132992327358,79.16666666666652,1.1260883141575273,1040.5555555555557,1136.6666666666665,18.51851851851852,62.96296296296296,986.1111111111112,1169.4444444444446,9.0,125.0,1,202
1155.5010893246185,39.75422252624471,,,,,,,42.59158613947764,43.00463304213792,0.03440431419193274,0.03685984075045061,1158.3333333333335,45.30166666666648,0.039109352517985446,56.94444444444434,0.9333820627402507,1125.0,1188.888888888889,29.411764705882355,72.54901960784314,1072.2222222222222,1227.7777777777778,5.1,85.9375,1,202
1023.7816764132554,303.6734139047598,,,,,,,420.8970104792087,424.50821963226286,0.29661930946904375,0.41111989028148144,1141.6666666666665,86.48500000000023,0.07575328467153306,144.44444444444457,0.7214910211859548,555.5555555555555,1204.4444444444443,59.64912280701754,82.45614035087719,397.2222222222222,1455.5555555555554,14.25,750.0,1,202
612.5715922107674,224.35682420031193,,,,,,,310.0317907749982,311.654540473481,0.36625404614440155,0.5061151948886419,519.4444444444445,74.13,0.1427101604278075,155.55555555555554,0.7236574792523007,475.0,668.3333333333334,62.88659793814433,81.44329896907216,402.77777777777777,1425.0,12.125,85.9375,1,202
503.1813865147198,75.71433704414085,,,,,,,86.2342309793077,86.58855017653516,0.1504712596158919,0.17137802249921866,475.0,45.301666666666726,0.09537192982456152,102.77777777777783,0.8780079115253994,444.4444444444444,580.0000000000001,34.18803418803419,56.41025641025641,408.3333333333333,708.3333333333334,10.636363636363637,101.5625,1,202
582.1350762527233,235.0974844434785,,,,,,,247.62346766446393,248.84818394550607,0.4038538374234904,0.42537115141462933,465.2777777777778,63.83416666666673,0.1371958208955225,195.83333333333337,0.9494152014785672,433.33333333333337,743.8888888888891,50.0,70.58823529411765,391.6666666666667,1597.2222222222224,9.272727272727273,70.3125,1,202
647.9242979242979,136.52531672460864,,,,,,,167.9140563368674,168.85474728097105,0.2107118334070564,0.25915690594533947,638.8888888888888,140.02333333333334,0.21916695652173918,179.16666666666674,0.8130666348189041,544.4444444444443,758.3333333333333,83.51648351648352,91.20879120879121,375.0,1102.7777777777778,18.2,257.8125,1,202
649.4505494505495,137.3614901442921,,,,,,,169.28650805867426,170.22838037253302,0.21150415572132963,0.2606611206994815,630.5555555555555,102.95833333333334,0.16328193832599122,163.8888888888889,0.8114142805561503,525.0,763.8888888888888,74.72527472527473,86.81318681318682,425.0,1208.3333333333333,13.0,226.5625,1,202
648.5347985347986,144.09462665182244,,,,,,,178.92521293662614,179.92759221738643,0.22218488040636838,0.2758914607833885,641.6666666666667,152.3783333333334,0.23747272727272734,202.77777777777783,0.8053343868471996,519.4444444444445,758.3333333333333,83.51648351648352,95.6043956043956,391.6666666666667,1091.6666666666665,13.0,250.0,1,202
548.9969135802468,134.9682658310148,,,,,,,101.16433047621831,101.56706928821774,0.24584521787349997,0.18427121897003368,473.6111111111111,47.360833333333346,0.09999941348973611,184.72222222222223,1.334148757725858,450.0,676.6666666666667,31.48148148148148,43.51851851851852,425.0,961.1111111111111,10.8,0.0,1,202
594.9775533108866,161.2115942648714,,,,,,,159.4951802470716,160.30484257981715,0.27095407779297415,0.268069239519247,572.2222222222222,197.67999999999995,0.3454601941747572,266.66666666666663,1.0107615416035827,437.77777777777777,753.3333333333334,54.54545454545454,66.66666666666666,386.11111111111114,1036.1111111111113,12.375,93.75,1,202
684.108527131783,153.23055376661532,,,,,,,219.31078911495038,220.6049390800732,0.22398573865034985,0.3205789438620804,681.9444444444445,150.31916666666652,0.2204272912423623,181.25,0.6986913611728445,558.3333333333334,811.1111111111111,86.04651162790698,95.34883720930233,383.33333333333337,1077.7777777777778,10.75,343.75,1,202
675.2873563218391,149.62271582912376,,,,,,,208.7897670151032,210.01313461643744,0.22156895790865988,0.309186548601089,680.5555555555555,189.44333333333338,0.2783657142857144,244.44444444444446,0.7166190085278487,526.6666666666666,818.3333333333334,78.16091954022988,88.50574712643679,391.6666666666667,1086.111111111111,17.4,156.25,1,202
672.6325757575759,157.84021695272722,,,,,,,216.18331158737305,217.4353041723516,0.23466038167264525,0.3213988132285878,650.0,158.55583333333334,0.24393205128205128,202.08333333333337,0.7301221162436223,547.2222222222223,790.5555555555555,84.0909090909091,92.04545454545455,363.88888888888886,1144.4444444444443,14.666666666666666,375.0,1,202
613.362573099415,181.42602262045745,,,,,,,188.78695448678963,189.77550341605655,0.2957891964351264,0.30779014365486995,602.7777777777777,210.0350000000001,0.3484451612903228,273.6111111111111,0.9610093192808655,437.77777777777777,762.7777777777778,78.94736842105263,86.31578947368422,336.11111111111114,1044.4444444444446,19.0,320.3125,1,203
595.3703703703703,193.1806190452447,,,,,,,235.69942099460755,236.91104391376388,0.3244713352548434,0.39588705237041394,602.7777777777777,247.09999999999985,0.40993548387096757,329.16666666666663,0.8196058277532399,394.44444444444446,765.5555555555557,71.71717171717171,88.88888888888889,313.88888888888886,1166.6666666666667,19.8,0.0,1,203
620.0877192982457,210.62235502614098,,,,,,,262.88832959579526,264.2852896974686,0.33966541905474706,0.4239534527361813,625.0,234.74499999999995,0.3755919999999999,327.77777777777777,0.8011856416372077,399.44444444444446,787.2222222222222,76.84210526315789,87.36842105263159,305.5555555555556,1275.0,13.571428571428571,351.5625,1,203
634.020310633214,160.51429099321123,,,,,,,223.93681084090983,225.1613639218886,0.2531690046851986,0.35320132034454516,630.5555555555555,168.8516666666667,0.2677823788546256,230.55555555555566,0.7167838569749236,469.4444444444445,747.2222222222223,81.72043010752688,91.39784946236558,325.0,1172.2222222222222,18.6,421.875,1,203
708.1659973226239,274.05614948841435,,,,,,,397.82157674719554,400.2387986488582,0.38699422243449055,0.5617631717016164,675.0,230.62666666666664,0.3416691358024691,302.7777777777778,0.688892120254627,458.88888888888897,886.6666666666666,75.90361445783132,89.1566265060241,305.5555555555556,1800.0,20.75,507.8125,1,203
628.161938534279,185.0350052916973,,,,,,,229.80419810716154,231.04881386769972,0.2945657702907765,0.36583591588400743,637.5,195.62083333333334,0.3068562091503268,293.74999999999994,0.8051854875401901,429.44444444444446,767.7777777777778,77.6595744680851,84.04255319148936,322.22222222222223,1102.7777777777778,18.8,445.3125,1,203
644.3223443223443,204.14804739484765,,,,,,,234.68742893561964,235.9644636917541,0.31684148344964985,0.36423915917807936,638.8888888888888,210.0350000000001,0.3287504347826089,280.55555555555554,0.8698721031659958,436.11111111111114,794.4444444444443,81.31868131868131,93.4065934065934,322.22222222222223,1147.2222222222222,22.75,343.75,1,203
676.851851851852,232.73219393374578,,,,,,,328.2938935812441,330.18806026277235,0.34384510184465855,0.48503064988747413,688.8888888888889,226.50833333333324,0.32880241935483856,340.2777777777778,0.7089141725877112,423.3333333333333,846.1111111111111,81.60919540229885,90.80459770114942,338.8888888888889,1480.5555555555557,21.75,406.25,1,203
643.4480676328502,205.02959701840751,,,,,,,271.57294677219244,273.07717944247383,0.31864202774387207,0.4220588427147958,652.7777777777778,203.85750000000007,0.312292340425532,300.69444444444457,0.7549706237506623,423.8888888888889,771.1111111111112,85.86956521739131,92.3913043478261,327.77777777777777,1269.4444444444443,23.0,328.125,1,203
586.9911991199119,159.5440700626016,,,,,,,205.0261576205387,206.03818995858913,0.2717997651443656,0.3492831884497394,580.5555555555557,172.96999999999977,0.2979387559808608,230.55555555555554,0.7781644640577272,425.0,713.8888888888889,72.27722772277228,85.14851485148515,319.4444444444444,1063.888888888889,20.2,109.375,1,203
615.7118055555555,172.40220180901548,,,,,,,220.31565163368631,221.47645329294687,0.2800047039108781,0.35782268529819067,626.3888888888889,175.02916666666673,0.27942572062084264,236.8055555555556,0.7825236224962564,441.66666666666663,747.2222222222223,76.04166666666666,90.625,311.11111111111114,1172.2222222222222,19.2,390.625,1,203
616.6081871345028,180.73458070757303,,,,,,,227.15021950731685,228.30695447028316,0.29311090004737284,0.36838664203102417,641.6666666666667,201.79833333333346,0.31449090909090927,297.2222222222223,0.7956610436018148,411.1111111111111,770.5555555555555,78.94736842105263,90.52631578947368,311.11111111111114,1222.2222222222224,23.75,101.5625,1,203
581.4906490649064,159.93549877907128,,,,,,,204.2662266700609,205.2937939591317,0.27504397368429423,0.3512803292684773,591.6666666666666,148.26,0.25058028169014085,219.4444444444444,0.7829757341011914,422.22222222222223,691.6666666666666,79.20792079207921,90.0990099009901,305.5555555555556,1122.2222222222222,20.2,117.1875,1,203
599.2143658810326,202.0539064625735,,,,,,,234.7194548267673,235.92349419881037,0.3371980345723038,0.3917119952250415,586.1111111111111,214.15333333333334,0.3653800947867299,272.22222222222206,0.8608315259239916,408.3333333333333,734.4444444444445,73.73737373737373,83.83838383838383,325.0,1352.7777777777778,24.75,93.75,1,203
602.1825396825396,187.29035626182866,,,,,,,226.14151904531076,227.31614045762197,0.3110192407115705,0.375536492912147,601.3888888888889,212.09416666666664,0.3526739030023094,283.3333333333333,0.8281997797330719,412.22222222222223,744.4444444444445,77.55102040816327,88.77551020408163,308.33333333333337,1069.4444444444443,24.5,54.6875,1,203
613.917824074074,182.5761854170125,,,,,,,221.73777604534612,222.89624978742987,0.29739515332101396,0.3611847829630562,633.3333333333333,203.85749999999987,0.3218802631578946,278.4722222222222,0.8233878262568805,427.77777777777777,750.0,79.16666666666666,90.625,302.77777777777777,1116.6666666666667,24.0,359.375,1,203
678.639846743295,235.40451739889173,,,,,,,306.096830892261,307.8425926727897,0.3468769458919449,0.4510445892046866,661.1111111111111,255.33666666666676,0.38622352941176485,331.94444444444446,0.7690524489021864,412.77777777777777,871.6666666666667,83.9080459770115,90.80459770114942,305.5555555555556,1511.111111111111,14.5,93.75,1,203
671.2436868686868,259.3121775173961,,,,,,,363.6853183519113,365.6709613788553,0.3863160020574234,0.5418081770697649,645.8333333333333,271.8099999999999,0.4208670967741934,348.6111111111111,0.7130124985317086,421.6666666666667,871.666666666667,88.63636363636364,93.18181818181817,338.8888888888889,1575.0,29.333333333333332,62.5,1,203
695.1960784313726,222.98702232272603,,,,,,,279.10216686246827,280.7751582807664,0.3207541429547039,0.4014725852485088,697.2222222222222,234.74499999999986,0.33668605577689226,302.7777777777778,0.7989440742414808,521.6666666666667,875.5555555555555,78.82352941176471,87.05882352941177,322.22222222222223,1402.7777777777776,21.25,218.75,1,203
686.3049095607234,234.2387470365026,,,,,,,293.7273917812968,295.45443714477676,0.3413041984304462,0.4279838125728986,686.1111111111111,257.39583333333337,0.37515182186234824,368.05555555555554,0.7974698771400653,438.88888888888886,863.8888888888889,76.74418604651163,88.37209302325581,319.4444444444444,1258.3333333333333,21.5,46.875,1,203
692.3941798941798,227.16315968261668,,,,,,,303.27277984921653,305.07347387961846,0.3280835776484062,0.4380059634463802,715.2777777777778,232.68583333333325,0.32530834951456294,322.2222222222223,0.7490390657399566,446.11111111111114,859.4444444444445,79.76190476190477,88.09523809523809,350.0,1402.7777777777776,21.0,39.0625,1,203
620.233918128655,195.89657998099167,,,,,,,240.6710967942584,241.96130504404135,0.31584306219828,0.3880327885330774,602.7777777777777,218.2716666666666,0.36210967741935474,279.16666666666663,0.8139597259094932,442.77777777777777,778.8888888888889,73.68421052631578,90.52631578947368,308.33333333333337,1161.1111111111113,23.75,156.25,1,203
674.6527777777777,176.65615028701188,,,,,,,221.31680171326877,222.59921540205036,0.26184751046144844,0.3280454909594514,673.6111111111111,164.73333333333338,0.2445525773195877,218.7499999999999,0.7982048760847454,515.0,811.6666666666667,81.81818181818183,86.36363636363636,302.77777777777777,1122.2222222222222,17.6,343.75,1,203
627.5413711583924,152.4135767450611,,,,,,,204.05218915279636,205.15760851854975,0.24287414941857544,0.32516133362830235,622.2222222222222,170.9108333333334,0.2746781250000001,195.83333333333348,0.7469342886144302,465.5555555555556,747.2222222222223,82.97872340425532,88.29787234042553,361.1111111111111,1083.3333333333333,18.8,390.625,1,203
702.7443105756358,249.3602526510793,,,,,,,277.95641275088536,279.62563510291227,0.35483781070646014,0.39552993680333626,672.2222222222223,214.15333333333317,0.31857520661156996,276.388888888889,0.8971199843284962,505.55555555555554,854.4444444444445,81.92771084337349,90.36144578313254,313.88888888888886,1861.111111111111,20.75,500.0,1,203
658.1148564294631,190.2912444172421,,,,,,,282.69449171383286,284.1191015075895,0.2891459485501488,0.4295519071664235,655.5555555555555,168.8516666666667,0.2575703389830509,216.66666666666663,0.6731338954063205,480.0,791.1111111111111,76.40449438202246,83.14606741573034,325.0,1458.3333333333333,14.833333333333334,343.75,1,203
665.6991260923845,218.62985762949938,,,,,,,296.55283704110275,298.2412085925007,0.32842142802987295,0.44547577939879657,655.5555555555555,242.98166666666668,0.37065000000000003,322.22222222222223,0.7372374508735416,433.8888888888889,852.2222222222223,83.14606741573034,91.01123595505618,316.66666666666663,1269.4444444444443,22.25,562.5,1,203
660.2372034956305,179.9419427126353,,,,,,,243.48843126854337,244.88296874715346,0.27254135598529045,0.3687893229575555,683.3333333333334,156.49666666666664,0.2290195121951219,213.8888888888889,0.7390163950507256,481.11111111111114,799.4444444444446,76.40449438202246,89.8876404494382,302.77777777777777,1194.4444444444443,22.25,296.875,1,203
701.9510582010582,209.89299268333542,,,,,,,257.987634134573,259.4935792649838,0.29901371360738976,0.36752937561734994,705.5555555555557,205.9166666666666,0.29185039370078725,276.3888888888889,0.8135777258760001,536.6666666666667,886.6666666666667,82.14285714285714,92.85714285714286,322.22222222222223,1141.6666666666665,21.0,312.5,1,203
629.8088410991636,182.98492906095777,,,,,,,230.12571974193108,231.370199180564,0.29054042611025643,0.36538978928956906,650.0,197.68000000000004,0.304123076923077,308.3333333333334,0.7951520119791989,423.33333333333337,781.1111111111112,76.34408602150538,90.32258064516128,322.22222222222223,1052.7777777777778,18.6,367.1875,1,203
669.3813131313132,11.602918892296595,,,,,,,14.528686459546778,14.61164105950017,0.01733379564783345,0.021704649016242663,668.0555555555554,10.29583333333352,0.015411642411642695,16.666666666666742,0.7986213292305124,659.4444444444445,679.4444444444445,0.0,15.909090909090908,641.6666666666667,702.7777777777777,3.6666666666666665,46.875,1,205
663.0149812734082,18.99551892792022,,,,,,,19.750921642391926,19.763164487892286,0.028650210725912718,0.029789555591123538,663.8888888888889,12.355000000000055,0.018610041841004267,16.666666666666742,0.9617535460800793,655.5555555555555,672.2222222222223,1.1235955056179776,10.112359550561797,519.4444444444445,694.4444444444445,3.56,164.0625,1,205
666.2878787878789,10.813230998508907,,,,,,,13.786339160147849,13.86443836711003,0.016229067558876355,0.020691265140869993,666.6666666666666,8.236666666666816,0.012355000000000223,13.888888888888914,0.7843438981805045,656.6666666666666,675.0,0.0,12.5,647.2222222222223,694.4444444444445,3.8260869565217392,39.0625,1,205
666.7929292929293,12.836288733448974,,,,,,,13.91122087120429,13.991866305475725,0.019250787117764793,0.020862880003775414,665.2777777777778,14.41416666666659,0.02166638830897692,16.66666666666663,0.9227291301239862,655.5555555555555,677.7777777777778,0.0,15.909090909090908,641.6666666666667,700.0,3.8260869565217392,46.875,1,205
643.4567901234567,27.694353851391185,,,,,,,23.716899676846303,23.786418495407176,0.04303995897856267,0.03685857394137665,644.4444444444445,24.709999999999944,0.038343103448275774,34.72222222222217,1.1677054854867006,622.2222222222223,663.8888888888889,3.3333333333333335,18.88888888888889,505.55555555555554,722.2222222222222,5.294117647058823,171.875,1,205
691.7336010709504,209.83513620018238,,,,,,,216.15380375428643,217.48386269468423,0.3033467448672626,0.3124812838636644,655.5555555555555,16.473333333333294,0.025128813559321974,19.444444444444457,0.9707677244426991,641.6666666666667,668.3333333333333,3.614457831325301,12.048192771084338,622.2222222222223,2236.1111111111113,3.772727272727273,23.4375,1,205
655.1851851851852,19.137491591333962,,,,,,,27.297661019372867,27.450869743741997,0.02920928620497552,0.041664038865068816,650.0,8.236666666666647,0.012671794871794841,13.8888888888888,0.7010670832842522,644.4444444444445,664.4444444444445,2.2222222222222223,25.555555555555554,616.6666666666667,788.8888888888889,3.0,46.875,1,205
644.5970695970697,9.714394003278471,,,,,,,12.896655812207543,12.968906550145059,0.015070490483847265,0.02000731374759289,644.4444444444445,8.236666666666816,0.012781034482758852,12.500000000000114,0.7532490705135475,636.1111111111111,652.7777777777778,0.0,12.087912087912088,625.0,666.6666666666666,3.25,31.25,1,205
639.9758454106282,13.009110758050443,,,,,,,13.664239338925423,13.739804937049362,0.02032750275083179,0.021351179793603035,640.2777777777778,12.355000000000055,0.019296312364425246,15.277777777777942,0.952055246938722,628.3333333333333,650.0,0.0,14.130434782608695,605.5555555555555,666.6666666666666,4.0,54.6875,1,205
653.2967032967033,18.336663034293103,,,,,,,27.025301867233402,27.176545796337823,0.028067894636176153,0.041367577290466605,652.7777777777778,12.355000000000055,0.018926808510638382,16.66666666666663,0.6784998415327688,641.6666666666667,663.8888888888889,2.197802197802198,13.186813186813188,600.0,775.0,4.136363636363637,78.125,1,205
649.6336996336996,27.583296940313893,,,,,,,41.21774625461725,41.448473877895864,0.04245976918356748,0.06344767255433048,650.0,12.354999999999887,0.019007692307692132,13.8888888888888,0.6692092471510129,638.8888888888888,655.5555555555555,5.4945054945054945,17.582417582417584,577.7777777777777,830.5555555555557,2.935483870967742,85.9375,1,205
665.7512626262626,10.061553065873968,,,,,,,13.184568125960194,13.260378886585405,0.015113081462561628,0.01980404524348864,663.8888888888889,12.355000000000055,0.018610041841004267,13.888888888888914,0.7631310308953494,655.5555555555555,675.0,0.0,11.363636363636363,650.0,697.2222222222222,3.259259259259259,0.0,1,205
659.2696629213484,14.256153176027281,,,,,,,14.458035563939022,14.532015799954747,0.021624160761251433,0.021930382022847427,658.3333333333334,12.355000000000055,0.01876708860759502,19.444444444444343,0.9860366654225645,648.8888888888889,669.4444444444443,0.0,16.853932584269664,627.7777777777777,691.6666666666666,3.7083333333333335,54.6875,1,205
646.0927960927961,15.14662007810556,,,,,,,15.172194081642544,15.254635747108019,0.023443412726010495,0.02348299528085655,644.4444444444445,16.473333333333294,0.02556206896551718,22.222222222222285,0.9983144162670626,633.3333333333333,658.3333333333334,1.098901098901099,12.087912087912088,622.2222222222223,686.1111111111111,4.136363636363637,46.875,1,205
672.7330779054917,15.288220154780534,,,,,,,16.580310299731185,16.677050015822477,0.0227255365566078,0.024646194522429082,672.2222222222223,16.473333333333464,0.024505785123967134,23.611111111111086,0.9220708104014435,661.1111111111111,686.1111111111111,0.0,22.988505747126435,638.8888888888888,708.3333333333334,4.578947368421052,62.5,1,205
668.4974747474748,26.50629713996834,,,,,,,42.245867883142644,42.4872662529759,0.03965055687006313,0.06319525425148545,669.4444444444443,20.591666666666534,0.030759336099584866,27.77777777777783,0.6274293432268471,655.5555555555555,685.0,3.4090909090909087,40.909090909090914,511.1111111111111,788.8888888888889,5.866666666666666,203.125,1,205
663.415404040404,16.641219349677183,,,,,,,19.045813482506958,19.152348384523844,0.025084161821276735,0.028708729653414873,663.8888888888889,16.473333333333294,0.02481338912133885,25.0,0.8737468402156554,650.0,675.0,2.272727272727273,22.727272727272727,619.4444444444445,705.5555555555557,4.631578947368421,39.0625,1,205
690.3921568627451,13.530786506729015,,,,,,,17.040020155212968,17.1423312585051,0.019598696729428565,0.02468165373234483,688.8888888888889,12.354999999999887,0.017934677419354672,13.8888888888888,0.7940593017778568,680.5555555555555,700.0,0.0,24.705882352941178,658.3333333333334,722.2222222222222,3.6956521739130435,54.6875,1,205
702.6785714285714,12.750876960529965,,,,,,,15.66014751334795,15.755202939998211,0.01814610190062714,0.022286359866518047,702.7777777777777,16.473333333333294,0.02344031620553354,20.1388888888888,0.8142245754493523,688.8888888888889,715.0,0.0,16.666666666666664,672.2222222222223,733.3333333333333,4.0,46.875,1,205
708.3668005354752,12.033949453854364,,,,,,,15.71947125616255,15.816207376936962,0.016988302451156023,0.022191146231415333,708.3333333333334,12.355000000000055,0.017442352941176548,16.66666666666663,0.7655441622527005,700.0,721.1111111111111,0.0,22.89156626506024,672.2222222222223,730.5555555555555,3.9523809523809526,46.875,1,205
720.630081300813,42.54342861188528,,,,,,,49.62709593679903,49.75852852171416,0.059036431750239905,0.06886625638388132,713.8888888888889,12.354999999999887,0.017306614785992058,19.444444444444343,0.8572621026639374,705.5555555555557,730.5555555555555,3.6585365853658534,18.29268292682927,613.8888888888889,1061.111111111111,4.823529411764706,132.8125,1,205
727.4348422496571,13.281022354979934,,,,,,,16.66666666666668,16.76002334603909,0.018257336030134585,0.0229115594946257,725.0,12.355000000000055,0.017041379310344905,16.666666666666742,0.7968613412987955,716.6666666666666,741.6666666666667,0.0,22.22222222222222,700.0,755.5555555555555,3.6818181818181817,46.875,1,205
715.4618473895581,47.2226063492354,,,,,,,69.44444444444444,69.85570284524306,0.06600296930092403,0.09706240059874639,716.6666666666666,12.354999999999887,0.017239534883720774,15.277777777777715,0.6800055314289898,705.5555555555557,726.6666666666666,12.048192771084338,26.506024096385545,586.1111111111111,919.4444444444443,4.15,140.625,1,205
727.3319615912208,22.654037152997045,,,,,,,35.125436599369074,35.34705038518714,0.031146764269008153,0.048293541950945464,725.0,16.473333333333294,0.022721839080459716,22.222222222222285,0.6449467777833674,713.8888888888889,741.6666666666667,6.172839506172839,14.814814814814813,625.0,808.3333333333334,3.6818181818181817,117.1875,1,205
737.7083333333333,136.98539141288282,,,,,,,142.5402589651351,143.4507150802873,0.18569044868168247,0.19322034539188043,727.7777777777777,24.71000000000011,0.03395267175572535,33.33333333333337,0.9610294832310429,702.2222222222223,755.5555555555555,27.500000000000004,46.25,472.22222222222223,1466.6666666666665,6.153846153846154,273.4375,1,205
737.1180555555555,13.95024247529591,,,,,,,16.69301714425347,16.799645607288372,0.01892538429923794,0.022646327841843703,738.8888888888889,12.355000000000055,0.016721052631579022,16.666666666666742,0.8356932934738072,725.0,747.7777777777778,0.0,22.5,705.5555555555557,772.2222222222223,3.4782608695652173,31.25,1,205
734.9305555555555,11.540363471779866,,,,,,,15.101754156070928,15.198210774049917,0.01570265841383635,0.020548545766552146,733.3333333333333,12.355000000000224,0.01684772727272758,20.138888888888914,0.7641737080682526,725.0,747.2222222222223,0.0,13.750000000000002,711.1111111111111,761.1111111111111,3.6363636363636362,39.0625,1,205
736.4236111111111,25.246842595167433,,,,,,,36.33222362464878,36.56422666118973,0.03428304336559112,0.049336038492615635,733.3333333333333,12.354999999999887,0.01684772727272712,14.583333333333485,0.6948884509793471,725.0,747.7777777777778,3.75,27.500000000000004,658.3333333333334,897.2222222222223,3.6363636363636362,78.125,1,205
731.6186556927297,40.164034562106075,,,,,,,50.50955630153346,50.828123652250234,0.0548974991952289,0.06903809232927326,733.3333333333333,16.473333333333294,0.02246363636363631,19.44444444444457,0.7951769428013508,719.4444444444445,744.4444444444445,13.580246913580247,22.22222222222222,627.7777777777777,847.2222222222222,3.857142857142857,109.375,1,205
734.7222222222222,11.618176640159342,,,,,,,14.355726682280494,14.447457498586825,0.015813019245585494,0.019538985276449823,733.3333333333333,8.236666666666816,0.011231818181818386,13.888888888889028,0.8093060628202017,725.0,744.4444444444445,0.0,16.25,711.1111111111111,763.8888888888888,3.076923076923077,23.4375,1,205
